province,province_en,year,health_region,population,population_total,population_floating_night,population_floating_study,population_floating_work,population_density,province_area_sqkm,number_of_wildfire,wildfire_area_rai,wildfire_area_sqkm,wildfire_area_percent,pm25_avg,pm25_total_count,dementia,alcoholism,amphetamine,addict_substance,schizophrenia,other_phy,bipolar,depression,anxiety,low_iq,learning_disorder,autistics,adhd,suicide,game_adult,game_child,other_disease,seizure,total_mental_cases
กระบี่,Krabi,2015,11,458768.0,,,,,,,3.0,15.86,0.025376,,,,116.0,120.0,0.0,144.0,3859.0,0.0,0.0,1019.0,2329.0,223.0,94.0,162.0,20.0,34.0,0.0,0.0,549.0,851.0,9520.0
กรุงเทพมหานคร,Bangkok,2015,13,5648978.0,,,,,,,,,,,,,40.0,57.0,0.0,46.0,1282.0,0.0,0.0,766.0,1190.0,19.0,5.0,14.0,2.0,18.0,0.0,0.0,2062.0,145.0,5646.0
กาญจนบุรี,Kanchanaburi,2015,5,827932.0,,,,,,,184.0,2148.0,3.4368000000000003,,,,37.0,43.0,0.0,55.0,3346.0,0.0,0.0,2575.0,2566.0,12.0,6.0,5.0,1.0,37.0,0.0,0.0,2707.0,160.0,11550.0
กาฬสินธุ์,Kalasin,2015,7,984750.0,,,,,,,43.0,298.0,0.4768,,,,118.0,405.0,0.0,639.0,7821.0,0.0,0.0,3537.0,8122.0,133.0,23.0,32.0,2.0,60.0,0.0,0.0,2073.0,986.0,23951.0
กำแพงเพชร,Kamphaeng Phet,2015,3,729296.0,,,,,,,43.0,811.0,1.2976,,,,47.0,400.0,0.0,497.0,3750.0,0.0,0.0,4376.0,4680.0,62.0,101.0,29.0,4.0,73.0,0.0,0.0,2921.0,523.0,17463.0
ขอนแก่น,Khon Kaen,2015,7,1792717.0,,,,,,,93.0,1548.0,2.4768000000000003,,,,166.0,1094.0,0.0,232.0,12877.0,0.0,0.0,3660.0,18529.0,122.0,462.0,15.0,3.0,181.0,0.0,0.0,3133.0,1557.0,42031.0
จันทบุรี,Chanthaburi,2015,6,528034.0,,,,,,,2.0,7.0,0.0112,,,,307.0,559.0,0.0,143.0,6628.0,0.0,0.0,2242.0,3099.0,203.0,77.0,142.0,7.0,107.0,0.0,0.0,1633.0,1609.0,16756.0
ฉะเชิงเทรา,Chachoengsao,2015,6,696837.0,,,,,,,6.0,1351.0,2.1616,,,,33.0,38.0,0.0,59.0,3699.0,0.0,0.0,2375.0,2669.0,11.0,16.0,7.0,1.0,22.0,0.0,0.0,2731.0,207.0,11868.0
ชลบุรี,Chon Buri,2015,6,1431104.0,,,,,,,39.0,634.0,1.0144,,,,115.0,344.0,0.0,381.0,5156.0,0.0,0.0,2245.0,5952.0,178.0,77.0,64.0,11.0,211.0,0.0,0.0,3448.0,1496.0,19678.0
ชัยนาท,Chai Nat,2015,3,331816.0,,,,,,,,,,,,,59.0,117.0,0.0,111.0,2085.0,0.0,0.0,1895.0,4752.0,41.0,6.0,25.0,1.0,19.0,0.0,0.0,2313.0,256.0,11680.0
ชัยภูมิ,Chaiyaphum,2015,9,1137238.0,,,,,,,155.0,3211.0,5.1376,,,,42.0,447.0,0.0,499.0,7339.0,0.0,0.0,5699.0,7478.0,69.0,68.0,13.0,1.0,36.0,0.0,0.0,2287.0,349.0,24327.0
ชุมพร,Chumphon,2015,11,501376.0,,,,,,,11.0,332.66,0.5322560000000001,,,,0.0,7.0,0.0,7.0,2145.0,0.0,0.0,652.0,2528.0,0.0,0.0,0.0,0.0,0.0,0.0,0.0,35.0,10.0,5384.0
ตรัง,Trang,2015,12,639221.0,,,,,,,8.0,122.0,0.1952,,,,3.0,5.0,0.0,8.0,3032.0,0.0,0.0,3629.0,4132.0,0.0,0.0,0.0,1.0,3.0,0.0,0.0,49.0,18.0,10880.0
ตราด,Trat,2015,6,221824.0,,,,,,,2.0,18.0,0.028800000000000003,,,,34.0,19.0,0.0,24.0,1504.0,0.0,0.0,614.0,1047.0,22.0,2.0,7.0,0.0,2.0,0.0,0.0,56.0,179.0,3510.0
ตาก,Tak,2015,2,531549.0,,,,,,,258.0,3869.0,6.1904,,,,164.0,415.0,0.0,844.0,3768.0,0.0,0.0,2526.0,2635.0,89.0,281.0,28.0,5.0,44.0,0.0,0.0,2188.0,893.0,13880.0
นครนายก,Nakhon Nayok,2015,4,257611.0,,,,,,,4.0,173.0,0.2768,,,,38.0,20.0,0.0,50.0,1336.0,0.0,0.0,1068.0,1345.0,23.0,8.0,24.0,1.0,6.0,0.0,0.0,519.0,87.0,4525.0
นครปฐม,Nakhon Pathom,2015,5,891912.0,,,,,,,,,,,,,44.0,77.0,0.0,69.0,2515.0,0.0,0.0,2015.0,3707.0,56.0,36.0,9.0,4.0,80.0,0.0,0.0,2555.0,287.0,11454.0
นครพนม,Nakhon Phanom,2015,8,713546.0,,,,,,,60.0,615.5,0.9848,,,,42.0,95.0,0.0,132.0,5428.0,0.0,0.0,1507.0,6978.0,21.0,9.0,9.0,0.0,20.0,0.0,0.0,1370.0,267.0,15878.0
นครราชสีมา,Nakhon Ratchasima,2015,9,2623008.0,,,,,,,13.0,532.0,0.8512000000000001,,,,401.0,1556.0,0.0,1061.0,15004.0,0.0,0.0,9794.0,19076.0,352.0,162.0,111.0,8.0,261.0,0.0,0.0,7206.0,2095.0,57087.0
นครศรีธรรมราช,Nakhon Si Thammarat,2015,11,1549163.0,,,,,,,23.0,857.0,1.3712,,,,70.0,147.0,0.0,387.0,8048.0,0.0,0.0,6497.0,13179.0,60.0,165.0,26.0,3.0,53.0,0.0,0.0,6025.0,657.0,35317.0
นครสวรรค์,Nakhon Sawan,2015,3,1071467.0,,,,,,,17.0,439.0,0.7024,,,,200.0,334.0,0.0,197.0,7859.0,0.0,0.0,8402.0,11388.0,144.0,109.0,101.0,3.0,34.0,0.0,0.0,1493.0,1057.0,31321.0
นนทบุรี,Nonthaburi,2015,4,1180178.0,,,,,,,,,,,,,55.0,77.0,0.0,87.0,3152.0,0.0,0.0,2233.0,4056.0,262.0,42.0,45.0,3.0,39.0,0.0,0.0,2433.0,271.0,12755.0
นราธิวาส,Narathiwat,2015,12,778319.0,,,,,,,11.0,833.5,1.3336000000000001,,,,56.0,59.0,0.0,848.0,4976.0,0.0,0.0,2841.0,3584.0,83.0,47.0,23.0,2.0,27.0,0.0,0.0,1344.0,868.0,14758.0
น่าน,Nan,2015,1,478003.0,,,,,,,78.0,934.0,1.4944000000000002,,,,135.0,801.0,0.0,761.0,3340.0,0.0,0.0,2301.0,4712.0,303.0,291.0,114.0,16.0,59.0,0.0,0.0,1972.0,1076.0,15881.0
บึงกาฬ,Bueng Kan,2015,8,419328.0,,,,,,,26.0,1217.0,1.9472,,,,6.0,9.0,0.0,6.0,2163.0,0.0,0.0,1418.0,1339.0,4.0,2.0,4.0,2.0,4.0,0.0,0.0,56.0,45.0,5058.0
บุรีรัมย์,Buri Ram,2015,9,1581198.0,,,,,,,17.0,91.0,0.1456,,,,193.0,1702.0,0.0,1806.0,13258.0,0.0,0.0,7608.0,7197.0,144.0,56.0,34.0,2.0,135.0,0.0,0.0,4369.0,1693.0,38197.0
ปทุมธานี,Pathum Thani,2015,4,1081026.0,,,,,,,,,,,,,65.0,119.0,0.0,390.0,4415.0,0.0,0.0,4621.0,3245.0,89.0,51.0,54.0,1.0,54.0,0.0,0.0,1972.0,572.0,15648.0
ประจวบคีรีขันธ์,Prachuap Khiri Khan,2015,5,524620.0,,,,,,,59.0,1002.0,1.6032000000000002,,,,1.0,1.0,0.0,9.0,2508.0,0.0,0.0,1611.0,1933.0,2.0,0.0,1.0,0.0,0.0,0.0,0.0,62.0,12.0,6140.0
ปราจีนบุรี,Prachin Buri,2015,6,480455.0,,,,,,,1.0,80.0,0.128,,,,11.0,5.0,0.0,6.0,3808.0,0.0,0.0,1827.0,4413.0,2.0,3.0,7.0,0.0,0.0,0.0,0.0,119.0,44.0,10245.0
ปัตตานี,Pattani,2015,12,689414.0,,,,,,,0.0,0.0,0.0,,,,81.0,51.0,0.0,1352.0,7562.0,0.0,0.0,2476.0,6384.0,104.0,13.0,29.0,0.0,34.0,0.0,0.0,2249.0,804.0,21139.0
พระนครศรีอยุธยา,Phra Nakhon Si Ayutthaya,2015,4,805124.0,,,,,,,,,,,,,19.0,72.0,0.0,197.0,2620.0,0.0,0.0,3046.0,4765.0,14.0,15.0,8.0,0.0,29.0,0.0,0.0,2991.0,263.0,14039.0
พะเยา,Phayao,2015,1,482574.0,,,,,,,62.0,428.75,0.686,,,,44.0,371.0,0.0,207.0,3222.0,0.0,0.0,2812.0,3609.0,45.0,97.0,11.0,6.0,25.0,0.0,0.0,3488.0,401.0,14338.0
พังงา,Phangnga,2015,11,261267.0,,,,,,,0.0,0.0,0.0,,,,11.0,149.0,0.0,197.0,2085.0,0.0,0.0,1151.0,1617.0,13.0,12.0,4.0,2.0,14.0,0.0,0.0,686.0,215.0,6156.0
พัทลุง,Phatthalung,2015,12,521420.0,,,,,,,3.0,42.0,0.06720000000000001,,,,135.0,456.0,0.0,444.0,4191.0,0.0,0.0,2613.0,5133.0,73.0,62.0,46.0,2.0,97.0,0.0,0.0,1798.0,983.0,16033.0
พิจิตร,Phichit,2015,3,546486.0,,,,,,,,,,,,,58.0,100.0,0.0,33.0,3245.0,0.0,0.0,2330.0,3303.0,21.0,90.0,21.0,1.0,12.0,0.0,0.0,1876.0,182.0,11272.0
พิษณุโลก,Phitsanulok,2015,2,860559.0,,,,,,,130.0,1205.0,1.9280000000000002,,,,22.0,49.0,0.0,78.0,3849.0,0.0,0.0,3728.0,4333.0,7.0,15.0,18.0,0.0,10.0,0.0,0.0,1868.0,77.0,14054.0
ภูเก็ต,Phuket,2015,11,378353.0,,,,,,,0.0,0.0,0.0,,,,24.0,97.0,0.0,84.0,1271.0,0.0,0.0,629.0,1675.0,21.0,7.0,20.0,0.0,25.0,0.0,0.0,330.0,196.0,4379.0
มหาสารคาม,Maha Sarakham,2015,7,962357.0,,,,,,,8.0,41.0,0.0656,,,,308.0,1669.0,0.0,1887.0,7646.0,0.0,0.0,3108.0,4732.0,213.0,65.0,57.0,15.0,69.0,0.0,0.0,1897.0,1868.0,23534.0
มุกดาหาร,Mukdahan,2015,8,346279.0,,,,,,,48.0,284.23,0.45476800000000006,,,,4.0,22.0,0.0,9.0,3100.0,0.0,0.0,2538.0,4081.0,2.0,0.0,3.0,0.0,3.0,0.0,0.0,368.0,77.0,10207.0
ยะลา,Yala,2015,12,514348.0,,,,,,,0.0,0.0,0.0,,,,9.0,11.0,0.0,38.0,2180.0,0.0,0.0,1248.0,3393.0,7.0,6.0,5.0,1.0,4.0,0.0,0.0,986.0,121.0,8009.0
ยโสธร,Yasothon,2015,10,540071.0,,,,,,,14.0,142.0,0.2272,,,,19.0,15.0,0.0,23.0,4094.0,0.0,0.0,1590.0,4599.0,1.0,1.0,5.0,0.0,4.0,0.0,0.0,100.0,94.0,10545.0
ระนอง,Ranong,2015,11,175719.0,,,,,,,2.0,308.0,0.4928,,,,22.0,85.0,0.0,118.0,1394.0,0.0,0.0,1032.0,1946.0,61.0,38.0,85.0,6.0,43.0,0.0,0.0,890.0,302.0,6022.0
ระยอง,Rayong,2015,6,679397.0,,,,,,,3.0,96.0,0.15360000000000001,,,,63.0,161.0,0.0,206.0,2611.0,0.0,0.0,1563.0,5563.0,37.0,16.0,16.0,2.0,97.0,0.0,0.0,1164.0,501.0,12000.0
ราชบุรี,Ratchaburi,2015,5,848773.0,,,,,,,21.0,186.0,0.29760000000000003,,,,111.0,278.0,0.0,305.0,4375.0,0.0,0.0,1388.0,3776.0,61.0,183.0,65.0,11.0,158.0,0.0,0.0,2295.0,914.0,13920.0
ร้อยเอ็ด,Roi Et,2015,7,1307826.0,,,,,,,27.0,421.0,0.6736000000000001,,,,122.0,877.0,0.0,807.0,15491.0,0.0,0.0,4573.0,12104.0,155.0,13.0,19.0,0.0,77.0,0.0,0.0,2352.0,1196.0,37786.0
ลพบุรี,Lop Buri,2015,4,758046.0,,,,,,,3.0,125.0,0.2,,,,84.0,390.0,0.0,397.0,3710.0,0.0,0.0,2608.0,3429.0,72.0,77.0,54.0,2.0,102.0,0.0,0.0,3256.0,527.0,14708.0
ลำปาง,Lampang,2015,1,751371.0,,,,,,,399.0,2958.0,4.7328,,,,13.0,47.0,0.0,43.0,4462.0,0.0,0.0,3537.0,8024.0,3.0,9.0,4.0,2.0,11.0,0.0,0.0,2774.0,60.0,18989.0
ลำพูน,Lamphun,2015,1,404933.0,,,,,,,297.0,3552.0,5.6832,,,,70.0,528.0,0.0,421.0,3017.0,0.0,0.0,4193.0,3120.0,65.0,349.0,35.0,1.0,65.0,0.0,0.0,1302.0,502.0,13668.0
ศรีสะเกษ,Si Sa Ket,2015,10,1466496.0,,,,,,,41.0,329.57,0.527312,,,,76.0,418.0,0.0,117.0,10475.0,0.0,0.0,4890.0,19601.0,76.0,10.0,20.0,3.0,112.0,0.0,0.0,749.0,1075.0,37622.0
สกลนคร,Sakon Nakhon,2015,8,1140272.0,,,,,,,96.0,466.0,0.7456,,,,255.0,711.0,0.0,431.0,9620.0,0.0,0.0,5816.0,8756.0,450.0,128.0,185.0,16.0,88.0,0.0,0.0,2530.0,973.0,29959.0
สงขลา,Songkhla,2015,12,1402158.0,,,,,,,3.0,63.0,0.1008,,,,369.0,499.0,0.0,919.0,8183.0,0.0,0.0,3847.0,8698.0,327.0,215.0,239.0,12.0,166.0,0.0,0.0,3602.0,2162.0,29238.0
สตูล,Satun,2015,12,314099.0,,,,,,,0.0,0.0,0.0,,,,90.0,59.0,0.0,256.0,2734.0,0.0,0.0,863.0,2013.0,64.0,93.0,20.0,1.0,33.0,0.0,0.0,917.0,800.0,7943.0
สมุทรปราการ,Samut Prakan,2015,6,1263904.0,,,,,,,,,,,,,5.0,15.0,0.0,13.0,3158.0,0.0,0.0,1813.0,4626.0,12.0,18.0,16.0,0.0,8.0,0.0,0.0,3628.0,81.0,13393.0
สมุทรสงคราม,Samut Songkhram,2015,5,193614.0,,,,,,,,,,,,,2.0,1.0,0.0,2.0,914.0,0.0,0.0,546.0,1254.0,0.0,0.0,0.0,0.0,3.0,0.0,0.0,299.0,3.0,3024.0
สมุทรสาคร,Samut Sakhon,2015,5,527726.0,,,,,,,,,,,,,45.0,55.0,0.0,35.0,1651.0,0.0,0.0,1827.0,2694.0,14.0,29.0,16.0,13.0,37.0,0.0,0.0,896.0,142.0,7454.0
สระบุรี,Saraburi,2015,4,632558.0,,,,,,,8.0,47.0,0.0752,,,,82.0,272.0,0.0,216.0,3786.0,0.0,0.0,2404.0,3581.0,62.0,201.0,16.0,0.0,56.0,0.0,0.0,1851.0,503.0,13030.0
สระแก้ว,Sa Kaeo,2015,6,553126.0,,,,,,,10.0,263.0,0.4208,,,,8.0,6.0,0.0,13.0,2262.0,0.0,0.0,959.0,3481.0,3.0,2.0,4.0,0.0,9.0,0.0,0.0,76.0,107.0,6930.0
สิงห์บุรี,Sing Buri,2015,4,211667.0,,,,,,,,,,,,,37.0,46.0,0.0,77.0,1248.0,0.0,0.0,1296.0,2087.0,7.0,10.0,4.0,1.0,10.0,0.0,0.0,1214.0,75.0,6112.0
สุพรรณบุรี,Suphan Buri,2015,5,848401.0,,,,,,,7.0,41.0,0.0656,,,,157.0,302.0,0.0,493.0,4049.0,0.0,0.0,2769.0,3868.0,66.0,13.0,37.0,0.0,136.0,0.0,0.0,4543.0,864.0,17297.0
สุราษฎร์ธานี,Surat Thani,2015,11,1041388.0,,,,,,,3.0,27.38,0.043808,,,,16.0,34.0,0.0,53.0,4477.0,0.0,0.0,2670.0,6350.0,11.0,35.0,11.0,0.0,30.0,0.0,0.0,2836.0,130.0,16653.0
สุรินทร์,Surin,2015,9,1392834.0,,,,,,,30.0,298.0,0.4768,,,,163.0,1296.0,0.0,871.0,9605.0,0.0,0.0,4578.0,6871.0,122.0,149.0,45.0,2.0,150.0,0.0,0.0,2267.0,1209.0,27328.0
สุโขทัย,Sukhothai,2015,2,601791.0,,,,,,,48.0,685.0,1.096,,,,8.0,11.0,0.0,15.0,2926.0,0.0,0.0,3679.0,2925.0,1.0,1.0,2.0,0.0,2.0,0.0,0.0,134.0,21.0,9725.0
หนองคาย,Nong Khai,2015,8,516374.0,,,,,,,35.0,624.0,0.9984000000000001,,,,21.0,28.0,0.0,28.0,2656.0,0.0,0.0,2011.0,3586.0,4.0,8.0,19.0,5.0,13.0,0.0,0.0,1184.0,82.0,9645.0
หนองบัวลำภู,Nong Bua Lam Phu,2015,8,509283.0,,,,,,,22.0,203.0,0.32480000000000003,,,,23.0,14.0,0.0,8.0,2579.0,0.0,0.0,2730.0,3362.0,2.0,0.0,5.0,0.0,2.0,0.0,0.0,100.0,71.0,8896.0
อำนาจเจริญ,Amnat Charoen,2015,10,375500.0,,,,,,,26.0,170.0,0.272,,,,48.0,104.0,0.0,67.0,3118.0,0.0,0.0,1205.0,2214.0,30.0,29.0,5.0,1.0,17.0,0.0,0.0,1451.0,385.0,8674.0
อุดรธานี,Udon Thani,2015,8,1570352.0,,,,,,,139.0,2270.0,3.632,,,,303.0,521.0,0.0,459.0,9401.0,0.0,0.0,6066.0,12471.0,128.0,130.0,163.0,26.0,24.0,0.0,0.0,2656.0,1652.0,34000.0
อุตรดิตถ์,Uttaradit,2015,2,459582.0,,,,,,,43.0,219.0,0.3504,,,,29.0,166.0,0.0,47.0,2900.0,0.0,0.0,2708.0,2639.0,38.0,90.0,8.0,1.0,7.0,0.0,0.0,660.0,250.0,9543.0
อุทัยธานี,Uthai Thani,2015,3,330311.0,,,,,,,71.0,1621.0,2.5936,,,,4.0,8.0,0.0,6.0,1547.0,0.0,0.0,2305.0,2701.0,6.0,6.0,7.0,2.0,2.0,0.0,0.0,1325.0,30.0,7949.0
อุบลราชธานี,Ubon Ratchathani,2015,10,1847319.0,,,,,,,71.0,523.27,0.837232,,,,505.0,1762.0,0.0,1646.0,14462.0,0.0,0.0,4267.0,24434.0,644.0,140.0,97.0,12.0,333.0,0.0,0.0,5488.0,4883.0,58673.0
อ่างทอง,Ang Thong,2015,4,283205.0,,,,,,,,,,,,,6.0,9.0,0.0,18.0,1652.0,0.0,0.0,2774.0,2844.0,3.0,0.0,1.0,0.0,8.0,0.0,0.0,1271.0,19.0,8605.0
เชียงราย,Chiang Rai,2015,1,1183878.0,,,,,,,147.0,1129.72,1.807552,,,,184.0,2010.0,0.0,2248.0,10561.0,0.0,0.0,7303.0,8158.0,179.0,413.0,56.0,2.0,235.0,0.0,0.0,3942.0,1933.0,37224.0
เชียงใหม่,Chiang Mai,2015,1,1638981.0,,,,,,,1179.0,12611.37,20.178192000000003,,,,172.0,1320.0,0.0,876.0,9528.0,0.0,0.0,9155.0,13704.0,175.0,347.0,72.0,2.0,183.0,0.0,0.0,6148.0,1617.0,43299.0
เพชรบุรี,Phetchaburi,2015,5,474676.0,,,,,,,43.0,966.0,1.5456,,,,117.0,110.0,0.0,203.0,3105.0,0.0,0.0,1784.0,1902.0,77.0,118.0,25.0,0.0,14.0,0.0,0.0,1479.0,621.0,9555.0
เพชรบูรณ์,Phetchabun,2015,2,995383.0,,,,,,,61.0,555.8,0.88928,,,,112.0,661.0,0.0,454.0,6841.0,0.0,0.0,3390.0,5737.0,147.0,127.0,116.0,1.0,72.0,0.0,0.0,3500.0,1043.0,22201.0
เลย,Loei,2015,8,634675.0,,,,,,,115.0,1568.0,2.5088,,,,102.0,418.0,0.0,335.0,4057.0,0.0,0.0,1798.0,5726.0,104.0,38.0,19.0,2.0,191.0,0.0,0.0,2452.0,1408.0,16650.0
แพร่,Phrae,2015,1,452958.0,,,,,,,140.0,1004.0,1.6064,,,,3.0,30.0,0.0,32.0,3277.0,0.0,0.0,1596.0,4196.0,5.0,9.0,6.0,0.0,5.0,0.0,0.0,1428.0,26.0,10613.0
แม่ฮ่องสอน,Mae Hong Son,2015,1,239299.0,,,,,,,471.0,3839.5,6.1432,,,,10.0,177.0,0.0,26.0,1526.0,0.0,0.0,2124.0,2424.0,33.0,13.0,7.0,1.0,10.0,0.0,0.0,629.0,253.0,7233.0
กระบี่,Krabi,2016,11,462532.0,,,,,,,6.0,46.2,0.07392000000000001,,27.40849406,531.0,132.0,149.0,0.0,189.0,4630.0,0.0,0.0,1019.0,2329.0,245.0,183.0,178.0,40.0,31.0,0.0,0.0,594.0,927.0,10646.0
กรุงเทพมหานคร,Bangkok,2016,13,5598873.0,,,,,,,,,,,33.81816973,158.0,59.0,79.0,0.0,68.0,3355.0,0.0,0.0,766.0,1190.0,16.0,15.0,39.0,5.0,25.0,0.0,0.0,2896.0,208.0,8721.0
กาญจนบุรี,Kanchanaburi,2016,5,808669.0,,,,,,,222.0,2248.0,3.5968,,35.01216929,1977.0,16.0,196.0,0.0,429.0,5190.0,0.0,0.0,2575.0,2566.0,21.0,26.0,19.0,0.0,34.0,0.0,0.0,2925.0,202.0,14199.0
กาฬสินธุ์,Kalasin,2016,7,984579.0,,,,,,,86.0,697.0,1.1152,,38.18529639,711.0,211.0,493.0,0.0,836.0,5341.0,0.0,0.0,3537.0,8122.0,131.0,214.0,66.0,5.0,75.0,0.0,0.0,2404.0,1306.0,22741.0
กำแพงเพชร,Kamphaeng Phet,2016,3,728718.0,,,,,,,51.0,739.0,1.1824000000000001,,37.94511121,879.0,105.0,297.0,0.0,426.0,4180.0,0.0,0.0,4376.0,4680.0,50.0,59.0,44.0,5.0,63.0,0.0,0.0,4159.0,488.0,18932.0
ขอนแก่น,Khon Kaen,2016,7,1797236.0,,,,,,,176.0,2949.0,4.7184,,35.98171404,1097.0,481.0,1229.0,0.0,485.0,9085.0,0.0,0.0,3660.0,18529.0,205.0,822.0,193.0,19.0,212.0,0.0,0.0,3522.0,2097.0,40539.0
จันทบุรี,Chanthaburi,2016,6,529331.0,,,,,,,22.0,519.0,0.8304,,32.40727374,650.0,393.0,798.0,0.0,1654.0,4063.0,0.0,0.0,2242.0,3099.0,305.0,395.0,255.0,13.0,252.0,0.0,0.0,3304.0,1800.0,18573.0
ฉะเชิงเทรา,Chachoengsao,2016,6,699802.0,,,,,,,1.0,663.0,1.0608,,32.7291357,527.0,32.0,124.0,0.0,108.0,3486.0,0.0,0.0,2375.0,2669.0,5.0,14.0,6.0,0.0,23.0,0.0,0.0,4737.0,185.0,13764.0
ชลบุรี,Chon Buri,2016,6,1454059.0,,,,,,,43.0,1698.0,2.7168,,35.12405327,453.0,98.0,338.0,0.0,404.0,6415.0,0.0,0.0,2245.0,5952.0,159.0,100.0,49.0,10.0,208.0,0.0,0.0,5424.0,1429.0,22831.0
ชัยนาท,Chai Nat,2016,3,330732.0,,,,,,,,,,,35.37564306,259.0,76.0,121.0,0.0,99.0,4103.0,0.0,0.0,1895.0,4752.0,40.0,9.0,22.0,3.0,20.0,0.0,0.0,3886.0,296.0,15322.0
ชัยภูมิ,Chaiyaphum,2016,9,1137376.0,,,,,,,161.0,3039.0,4.8624,,35.59167434,1302.0,138.0,439.0,0.0,688.0,6594.0,0.0,0.0,5699.0,7478.0,137.0,226.0,49.0,5.0,39.0,0.0,0.0,2535.0,496.0,24523.0
ชุมพร,Chumphon,2016,11,502866.0,,,,,,,18.0,758.0,1.2128,,29.82954046,601.0,113.0,169.0,0.0,222.0,4212.0,0.0,0.0,652.0,2528.0,146.0,77.0,147.0,7.0,17.0,0.0,0.0,1595.0,525.0,10410.0
ตรัง,Trang,2016,12,640105.0,,,,,,,20.0,400.75,0.6412,,27.2530916,474.0,3.0,15.0,0.0,56.0,4008.0,0.0,0.0,3629.0,4132.0,8.0,3.0,4.0,1.0,8.0,0.0,0.0,1650.0,53.0,13570.0
ตราด,Trat,2016,6,218923.0,,,,,,,9.0,164.0,0.2624,,33.66958988,289.0,86.0,166.0,0.0,797.0,3638.0,0.0,0.0,614.0,1047.0,181.0,60.0,33.0,1.0,91.0,0.0,0.0,2014.0,506.0,9234.0
ตาก,Tak,2016,2,526558.0,,,,,,,373.0,8899.0,14.2384,,34.44214881,1781.0,134.0,488.0,0.0,866.0,5178.0,0.0,0.0,2526.0,2635.0,81.0,355.0,35.0,4.0,67.0,0.0,0.0,3130.0,879.0,16378.0
นครนายก,Nakhon Nayok,2016,4,257757.0,,,,,,,9.0,273.0,0.4368,,31.94797296,220.0,42.0,38.0,0.0,59.0,3613.0,0.0,0.0,1068.0,1345.0,37.0,8.0,29.0,0.0,11.0,0.0,0.0,1537.0,104.0,7891.0
นครปฐม,Nakhon Pathom,2016,5,895068.0,,,,,,,,,,,34.87002776,222.0,72.0,97.0,0.0,77.0,4220.0,0.0,0.0,2015.0,3707.0,69.0,57.0,66.0,2.0,74.0,0.0,0.0,3075.0,351.0,13882.0
นครพนม,Nakhon Phanom,2016,8,714504.0,,,,,,,79.0,459.01,0.7344160000000001,,35.29097524,579.0,51.0,139.0,0.0,104.0,5095.0,0.0,0.0,1507.0,6978.0,31.0,27.0,35.0,1.0,28.0,0.0,0.0,3228.0,309.0,17533.0
นครราชสีมา,Nakhon Ratchasima,2016,9,2626690.0,,,,,,,45.0,2566.0,4.1056,,34.23163018,2118.0,965.0,1956.0,0.0,2336.0,11731.0,0.0,0.0,9794.0,19076.0,350.0,114.0,135.0,10.0,290.0,0.0,0.0,10728.0,2304.0,59789.0
นครศรีธรรมราช,Nakhon Si Thammarat,2016,11,1551148.0,,,,,,,113.0,11505.0,18.408,,28.57307211,984.0,100.0,147.0,0.0,342.0,7931.0,0.0,0.0,6497.0,13179.0,62.0,149.0,20.0,1.0,70.0,0.0,0.0,6270.0,613.0,35381.0
นครสวรรค์,Nakhon Sawan,2016,3,1067431.0,,,,,,,3.0,50.0,0.08,,36.3451333,973.0,263.0,851.0,0.0,700.0,6245.0,0.0,0.0,8402.0,11388.0,191.0,77.0,122.0,4.0,54.0,0.0,0.0,4965.0,1463.0,34725.0
นนทบุรี,Nonthaburi,2016,4,1195218.0,,,,,,,,,,,34.16447119,63.0,113.0,99.0,0.0,108.0,5180.0,0.0,0.0,2233.0,4056.0,259.0,63.0,53.0,4.0,62.0,0.0,0.0,3831.0,353.0,16414.0
นราธิวาส,Narathiwat,2016,12,785151.0,,,,,,,15.0,3273.83,5.238128000000001,,27.11936063,445.0,89.0,113.0,0.0,1393.0,3788.0,0.0,0.0,2841.0,3584.0,189.0,99.0,35.0,4.0,45.0,0.0,0.0,1813.0,1219.0,15212.0
น่าน,Nan,2016,1,477938.0,,,,,,,149.0,1815.0,2.9040000000000004,,41.10149378,1270.0,160.0,966.0,0.0,1011.0,4806.0,0.0,0.0,2301.0,4712.0,375.0,340.0,151.0,22.0,53.0,0.0,0.0,3473.0,1127.0,19497.0
บึงกาฬ,Bueng Kan,2016,8,420571.0,,,,,,,7.0,103.0,0.1648,,38.43292966,410.0,11.0,78.0,0.0,71.0,4547.0,0.0,0.0,1418.0,1339.0,10.0,4.0,3.0,0.0,21.0,0.0,0.0,1706.0,115.0,9323.0
บุรีรัมย์,Buri Ram,2016,9,1584745.0,,,,,,,27.0,221.0,0.3536,,34.63574906,1023.0,196.0,1736.0,0.0,1641.0,10054.0,0.0,0.0,7608.0,7197.0,198.0,78.0,40.0,5.0,154.0,0.0,0.0,5289.0,1777.0,35973.0
ปทุมธานี,Pathum Thani,2016,4,1096050.0,,,,,,,,,,,32.78963849,151.0,80.0,127.0,0.0,350.0,5358.0,0.0,0.0,4621.0,3245.0,80.0,54.0,88.0,2.0,70.0,0.0,0.0,3456.0,508.0,18039.0
ประจวบคีรีขันธ์,Prachuap Khiri Khan,2016,5,526267.0,,,,,,,59.0,2303.0,3.6848,,33.29029378,646.0,143.0,398.0,0.0,719.0,4892.0,0.0,0.0,1611.0,1933.0,173.0,281.0,226.0,83.0,135.0,0.0,0.0,948.0,1247.0,12789.0
ปราจีนบุรี,Prachin Buri,2016,6,482887.0,,,,,,,23.0,997.0,1.5952000000000002,,31.5370779,509.0,75.0,209.0,0.0,37.0,3786.0,0.0,0.0,1827.0,4413.0,29.0,35.0,21.0,2.0,35.0,0.0,0.0,1970.0,297.0,12736.0
ปัตตานี,Pattani,2016,12,696068.0,,,,,,,0.0,0.0,0.0,,28.78517597,201.0,89.0,168.0,0.0,1406.0,5124.0,0.0,0.0,2476.0,6384.0,128.0,43.0,42.0,2.0,38.0,0.0,0.0,2429.0,861.0,19190.0
พระนครศรีอยุธยา,Phra Nakhon Si Ayutthaya,2016,4,807606.0,,,,,,,,,,,34.11601047,264.0,39.0,80.0,0.0,303.0,4732.0,0.0,0.0,3046.0,4765.0,10.0,12.0,7.0,1.0,38.0,0.0,0.0,4126.0,258.0,17417.0
พะเยา,Phayao,2016,1,478883.0,,,,,,,131.0,1400.0,2.24,,42.0428345,646.0,49.0,377.0,0.0,217.0,3710.0,0.0,0.0,2812.0,3609.0,53.0,88.0,19.0,6.0,29.0,0.0,0.0,4496.0,406.0,15871.0
พังงา,Phangnga,2016,11,261669.0,,,,,,,2.0,224.92,0.35987199999999997,,28.10644366,454.0,19.0,203.0,0.0,287.0,2092.0,0.0,0.0,1151.0,1617.0,11.0,12.0,11.0,2.0,9.0,0.0,0.0,898.0,268.0,6580.0
พัทลุง,Phatthalung,2016,12,522912.0,,,,,,,12.0,932.15,1.49144,,27.67045013,384.0,158.0,451.0,0.0,639.0,4209.0,0.0,0.0,2613.0,5133.0,103.0,47.0,98.0,3.0,47.0,0.0,0.0,1991.0,1133.0,16625.0
พิจิตร,Phichit,2016,3,544183.0,,,,,,,,,,,36.79581761,446.0,263.0,378.0,0.0,290.0,5408.0,0.0,0.0,2330.0,3303.0,66.0,161.0,66.0,1.0,40.0,0.0,0.0,3523.0,605.0,16434.0
พิษณุโลก,Phitsanulok,2016,2,863299.0,,,,,,,279.0,3923.56,6.277696000000001,,37.0922264,1086.0,140.0,125.0,0.0,92.0,6156.0,0.0,0.0,3728.0,4333.0,27.0,21.0,55.0,0.0,24.0,0.0,0.0,4269.0,167.0,19137.0
ภูเก็ต,Phuket,2016,11,381544.0,,,,,,,1.0,4.81,0.007696,,29.91292126,52.0,41.0,164.0,0.0,226.0,2112.0,0.0,0.0,629.0,1675.0,29.0,27.0,74.0,2.0,33.0,0.0,0.0,443.0,378.0,5833.0
มหาสารคาม,Maha Sarakham,2016,7,963557.0,,,,,,,0.0,0.0,0.0,,34.47100533,571.0,350.0,2086.0,0.0,3070.0,4611.0,0.0,0.0,3108.0,4732.0,210.0,74.0,104.0,26.0,120.0,0.0,0.0,2115.0,2169.0,22775.0
มุกดาหาร,Mukdahan,2016,8,347118.0,,,,,,,38.0,214.99,0.343984,,36.88241038,417.0,9.0,23.0,0.0,21.0,4192.0,0.0,0.0,2538.0,4081.0,2.0,6.0,6.0,0.0,3.0,0.0,0.0,1457.0,118.0,12456.0
ยะลา,Yala,2016,12,518859.0,,,,,,,1.0,40.0,0.064,,26.46246715,446.0,13.0,15.0,0.0,59.0,4019.0,0.0,0.0,1248.0,3393.0,16.0,5.0,3.0,2.0,10.0,0.0,0.0,815.0,142.0,9740.0
ยโสธร,Yasothon,2016,10,539742.0,,,,,,,21.0,210.0,0.336,,36.37939303,422.0,21.0,62.0,0.0,67.0,4063.0,0.0,0.0,1590.0,4599.0,9.0,9.0,11.0,0.0,10.0,0.0,0.0,944.0,162.0,11547.0
ระนอง,Ranong,2016,11,175121.0,,,,,,,1.0,15.0,0.024,,28.48144529,324.0,30.0,97.0,0.0,134.0,2215.0,0.0,0.0,1032.0,1946.0,33.0,14.0,54.0,3.0,29.0,0.0,0.0,922.0,255.0,6764.0
ระยอง,Rayong,2016,6,689673.0,,,,,,,6.0,235.0,0.376,,33.76707174,373.0,137.0,269.0,0.0,437.0,4388.0,0.0,0.0,1563.0,5563.0,80.0,57.0,45.0,3.0,319.0,0.0,0.0,2683.0,1087.0,16631.0
ราชบุรี,Ratchaburi,2016,5,845105.0,,,,,,,50.0,415.0,0.664,,36.30105416,527.0,134.0,260.0,0.0,336.0,4301.0,0.0,0.0,1388.0,3776.0,89.0,178.0,90.0,14.0,167.0,0.0,0.0,3469.0,944.0,15146.0
ร้อยเอ็ด,Roi Et,2016,7,1307198.0,,,,,,,36.0,480.0,0.768,,35.84002865,801.0,203.0,1194.0,0.0,1651.0,12141.0,0.0,0.0,4573.0,12104.0,236.0,32.0,54.0,2.0,82.0,0.0,0.0,2705.0,1376.0,36353.0
ลพบุรี,Lop Buri,2016,4,756980.0,,,,,,,6.0,81.0,0.1296,,34.92995907,663.0,135.0,409.0,0.0,373.0,5281.0,0.0,0.0,2608.0,3429.0,80.0,48.0,58.0,5.0,128.0,0.0,0.0,4056.0,582.0,17192.0
ลำปาง,Lampang,2016,1,748013.0,,,,,,,469.0,3454.0,5.526400000000001,,39.27955744,1301.0,10.0,55.0,0.0,40.0,4386.0,0.0,0.0,3537.0,8024.0,4.0,9.0,8.0,0.0,10.0,0.0,0.0,4021.0,51.0,20155.0
ลำพูน,Lamphun,2016,1,404096.0,,,,,,,322.0,5257.0,8.411200000000001,,34.65821466,465.0,218.0,842.0,0.0,873.0,4827.0,0.0,0.0,4193.0,3120.0,168.0,592.0,77.0,26.0,107.0,0.0,0.0,2773.0,1027.0,18843.0
ศรีสะเกษ,Si Sa Ket,2016,10,1468546.0,,,,,,,71.0,652.49,1.043984,,38.1418627,900.0,567.0,4056.0,0.0,2377.0,9472.0,0.0,0.0,4890.0,19601.0,627.0,112.0,173.0,15.0,668.0,0.0,0.0,3610.0,4450.0,50618.0
สกลนคร,Sakon Nakhon,2016,8,1143514.0,,,,,,,156.0,814.0,1.3024,,35.66962746,990.0,345.0,782.0,0.0,483.0,7572.0,0.0,0.0,5816.0,8756.0,350.0,185.0,241.0,13.0,85.0,0.0,0.0,2462.0,1192.0,28282.0
สงขลา,Songkhla,2016,12,1406087.0,,,,,,,5.0,120.0,0.192,,29.1703601,770.0,550.0,744.0,0.0,2025.0,5364.0,0.0,0.0,3847.0,8698.0,533.0,574.0,225.0,37.0,369.0,0.0,0.0,5220.0,2723.0,30909.0
สตูล,Satun,2016,12,316340.0,,,,,,,4.0,123.0,0.1968,,27.91929994,306.0,80.0,39.0,0.0,311.0,4569.0,0.0,0.0,863.0,2013.0,67.0,64.0,27.0,1.0,35.0,0.0,0.0,1155.0,491.0,9715.0
สมุทรปราการ,Samut Prakan,2016,6,1272447.0,,,,,,,,,,,36.16990147,99.0,24.0,65.0,0.0,41.0,5486.0,0.0,0.0,1813.0,4626.0,12.0,37.0,48.0,7.0,18.0,0.0,0.0,4499.0,241.0,16917.0
สมุทรสงคราม,Samut Songkhram,2016,5,192806.0,,,,,,,,,,,35.84385905,43.0,4.0,4.0,0.0,8.0,2881.0,0.0,0.0,546.0,1254.0,4.0,5.0,18.0,1.0,5.0,0.0,0.0,390.0,6.0,5126.0
สมุทรสาคร,Samut Sakhon,2016,5,526663.0,,,,,,,,,,,36.38567883,88.0,122.0,230.0,0.0,72.0,2491.0,0.0,0.0,1827.0,2694.0,77.0,209.0,136.0,20.0,67.0,0.0,0.0,1496.0,497.0,9938.0
สระบุรี,Saraburi,2016,4,632798.0,,,,,,,22.0,217.13,0.347408,,35.39215988,353.0,117.0,315.0,0.0,311.0,5570.0,0.0,0.0,2404.0,3581.0,44.0,193.0,25.0,3.0,73.0,0.0,0.0,2963.0,548.0,16147.0
สระแก้ว,Sa Kaeo,2016,6,555053.0,,,,,,,6.0,207.0,0.3312,,33.72647179,691.0,131.0,682.0,0.0,610.0,4629.0,0.0,0.0,959.0,3481.0,125.0,121.0,29.0,2.0,201.0,0.0,0.0,3101.0,1210.0,15281.0
สิงห์บุรี,Sing Buri,2016,4,210748.0,,,,,,,,,,,35.13798853,82.0,42.0,57.0,0.0,138.0,3485.0,0.0,0.0,1296.0,2087.0,18.0,14.0,5.0,0.0,13.0,0.0,0.0,2496.0,80.0,9731.0
สุพรรณบุรี,Suphan Buri,2016,5,847132.0,,,,,,,10.0,86.0,0.1376,,34.75943998,552.0,147.0,264.0,0.0,481.0,5230.0,0.0,0.0,2769.0,3868.0,52.0,20.0,25.0,3.0,120.0,0.0,0.0,4985.0,668.0,18632.0
สุราษฎร์ธานี,Surat Thani,2016,11,1044203.0,,,,,,,6.0,58.5,0.0936,,28.1357907,1313.0,14.0,49.0,0.0,90.0,4258.0,0.0,0.0,2670.0,6350.0,22.0,53.0,15.0,0.0,37.0,0.0,0.0,3308.0,158.0,17024.0
สุรินทร์,Surin,2016,9,1394263.0,,,,,,,39.0,561.69,0.8987040000000002,,35.81634799,904.0,172.0,788.0,0.0,744.0,7172.0,0.0,0.0,4578.0,6871.0,78.0,62.0,38.0,2.0,88.0,0.0,0.0,3479.0,819.0,24891.0
สุโขทัย,Sukhothai,2016,2,600362.0,,,,,,,68.0,984.0,1.5744,,36.90910601,692.0,84.0,138.0,0.0,242.0,5311.0,0.0,0.0,3679.0,2925.0,35.0,14.0,21.0,1.0,29.0,0.0,0.0,2821.0,220.0,15520.0
หนองคาย,Nong Khai,2016,8,515845.0,,,,,,,25.0,775.0,1.24,,38.85021624,344.0,27.0,42.0,0.0,46.0,4976.0,0.0,0.0,2011.0,3586.0,11.0,9.0,28.0,2.0,8.0,0.0,0.0,2252.0,142.0,13140.0
หนองบัวลำภู,Nong Bua Lam Phu,2016,8,510013.0,,,,,,,13.0,159.0,0.2544,,37.06217234,425.0,61.0,189.0,0.0,80.0,4973.0,0.0,0.0,2730.0,3362.0,39.0,7.0,19.0,1.0,33.0,0.0,0.0,1042.0,368.0,12904.0
อำนาจเจริญ,Amnat Charoen,2016,10,375987.0,,,,,,,33.0,261.68,0.418688,,35.3652503,335.0,26.0,41.0,0.0,71.0,5180.0,0.0,0.0,1205.0,2214.0,12.0,5.0,7.0,2.0,16.0,0.0,0.0,1115.0,271.0,10165.0
อุดรธานี,Udon Thani,2016,8,1571882.0,,,,,,,173.0,3592.0,5.7472,,36.88638965,1136.0,417.0,775.0,0.0,1072.0,7749.0,0.0,0.0,6066.0,12471.0,153.0,89.0,295.0,13.0,27.0,0.0,0.0,2668.0,2035.0,33830.0
อุตรดิตถ์,Uttaradit,2016,2,457976.0,,,,,,,60.0,730.0,1.1680000000000001,,38.94610032,814.0,48.0,342.0,0.0,259.0,4940.0,0.0,0.0,2708.0,2639.0,77.0,212.0,13.0,2.0,37.0,0.0,0.0,1900.0,368.0,13545.0
อุทัยธานี,Uthai Thani,2016,3,330148.0,,,,,,,106.0,5454.0,8.7264,,36.21218435,675.0,4.0,15.0,0.0,14.0,5714.0,0.0,0.0,2305.0,2701.0,6.0,3.0,10.0,1.0,3.0,0.0,0.0,2514.0,44.0,13334.0
อุบลราชธานี,Ubon Ratchathani,2016,10,1852718.0,,,,,,,103.0,742.42,1.187872,,38.20743264,1589.0,518.0,2083.0,0.0,1918.0,8655.0,0.0,0.0,4267.0,24434.0,726.0,311.0,96.0,40.0,287.0,0.0,0.0,3342.0,5388.0,52065.0
อ่างทอง,Ang Thong,2016,4,282448.0,,,,,,,,,,,34.17269928,99.0,4.0,12.0,0.0,27.0,4044.0,0.0,0.0,2774.0,2844.0,3.0,3.0,0.0,0.0,5.0,0.0,0.0,2118.0,17.0,11851.0
เชียงราย,Chiang Rai,2016,1,1162097.0,,,,,,,202.0,3157.29,5.051664000000001,,40.78792558,1214.0,4.0,20.0,0.0,10.0,8151.0,0.0,0.0,7303.0,8158.0,2.0,6.0,2.0,0.0,10.0,0.0,0.0,1020.0,51.0,24737.0
เชียงใหม่,Chiang Mai,2016,1,1602699.0,,,,,,,1659.0,23861.09,38.177744000000004,,32.97940222,2305.0,138.0,1123.0,0.0,595.0,7454.0,0.0,0.0,9155.0,13704.0,89.0,158.0,17.0,3.0,90.0,0.0,0.0,6543.0,978.0,40047.0
เพชรบุรี,Phetchaburi,2016,5,476070.0,,,,,,,44.0,976.0,1.5616,,34.16699297,625.0,116.0,121.0,0.0,240.0,6092.0,0.0,0.0,1784.0,1902.0,126.0,48.0,113.0,44.0,98.0,0.0,0.0,1944.0,611.0,13239.0
เพชรบูรณ์,Phetchabun,2016,2,994142.0,,,,,,,147.0,3877.5,6.204000000000001,,35.08747311,1271.0,143.0,714.0,0.0,312.0,5097.0,0.0,0.0,3390.0,5737.0,193.0,168.0,131.0,4.0,83.0,0.0,0.0,4704.0,1149.0,21825.0
เลย,Loei,2016,8,635341.0,,,,,,,271.0,8212.0,13.1392,,37.06400898,1081.0,198.0,615.0,0.0,319.0,5333.0,0.0,0.0,1798.0,5726.0,187.0,94.0,52.0,3.0,195.0,0.0,0.0,3507.0,1409.0,19436.0
แพร่,Phrae,2016,1,450565.0,,,,,,,140.0,2201.0,3.5216000000000003,,41.04935224,671.0,1.0,3.0,0.0,10.0,4237.0,0.0,0.0,1596.0,4196.0,1.0,1.0,1.0,0.0,2.0,0.0,0.0,1074.0,13.0,11135.0
แม่ฮ่องสอน,Mae Hong Son,2016,1,231192.0,,,,,,,391.0,4800.0,7.680000000000001,,31.56096018,1335.0,4.0,116.0,0.0,18.0,3798.0,0.0,0.0,2124.0,2424.0,20.0,21.0,11.0,1.0,8.0,0.0,0.0,1624.0,145.0,10314.0
กระบี่,Krabi,2017,11,466165.0,,,,,,,0.0,0.0,0.0,,24.73944621,531.0,140.0,691.0,0.0,231.0,3303.0,0.0,0.0,1055.0,2143.0,254.0,221.0,630.0,1395.0,69.0,0.0,0.0,1572.0,335.0,12039.0
กรุงเทพมหานคร,Bangkok,2017,13,5586320.0,,,,,,,,,,,32.18355518,158.0,0.0,0.0,0.0,0.0,0.0,0.0,0.0,0.0,0.0,0.0,0.0,0.0,0.0,0.0,0.0,0.0,0.0,0.0,0
กาญจนบุรี,Kanchanaburi,2017,5,810876.0,,,,,,,131.0,1435.0,2.2960000000000003,,31.11100538,1977.0,542.0,4477.0,0.0,1824.0,3798.0,0.0,0.0,2761.0,2198.0,247.0,217.0,523.0,3172.0,453.0,0.0,0.0,6079.0,447.0,26738.0
กาฬสินธุ์,Kalasin,2017,7,984914.0,,,,,,,42.0,355.0,0.5680000000000001,,31.51022499,711.0,354.0,2580.0,0.0,1721.0,9752.0,0.0,0.0,4258.0,7084.0,311.0,109.0,289.0,2882.0,267.0,0.0,0.0,4613.0,303.0,34523.0
กำแพงเพชร,Kamphaeng Phet,2017,3,728058.0,,,,,,,40.0,901.0,1.4416,,33.7729261,879.0,288.0,3000.0,0.0,2237.0,4091.0,0.0,0.0,4332.0,4008.0,463.0,74.0,179.0,2872.0,397.0,0.0,0.0,9030.0,250.0,31221.0
ขอนแก่น,Khon Kaen,2017,7,1801037.0,,,,,,,64.0,789.0,1.2624,,29.93417525,1097.0,1827.0,15193.0,0.0,6025.0,13586.0,0.0,0.0,4373.0,16237.0,1261.0,879.0,1842.0,7890.0,623.0,0.0,0.0,11677.0,1187.0,82600.0
จันทบุรี,Chanthaburi,2017,6,530815.0,,,,,,,0.0,0.0,0.0,,28.69596255,650.0,383.0,2299.0,0.0,1534.0,4013.0,0.0,0.0,1914.0,2508.0,438.0,181.0,577.0,2559.0,579.0,0.0,0.0,5341.0,409.0,22735.0
ฉะเชิงเทรา,Chachoengsao,2017,6,703968.0,,,,,,,0.0,0.0,0.0,,31.63764623,527.0,648.0,2486.0,0.0,1476.0,4456.0,0.0,0.0,3256.0,2414.0,325.0,172.0,1291.0,2394.0,222.0,0.0,0.0,5800.0,371.0,25311.0
ชลบุรี,Chon Buri,2017,6,1479401.0,,,,,,,38.0,541.0,0.8656,,33.05229404,453.0,739.0,3676.0,0.0,1587.0,5961.0,0.0,0.0,2736.0,5088.0,444.0,414.0,896.0,5784.0,755.0,0.0,0.0,8709.0,730.0,37519.0
ชัยนาท,Chai Nat,2017,3,329750.0,,,,,,,,,,,32.98544949,259.0,364.0,6266.0,0.0,723.0,2193.0,0.0,0.0,1763.0,4289.0,19.0,33.0,94.0,1136.0,154.0,0.0,0.0,6322.0,121.0,23477.0
ชัยภูมิ,Chaiyaphum,2017,9,1137873.0,,,,,,,74.0,1545.0,2.472,,29.6747344,1302.0,686.0,7297.0,0.0,4418.0,8579.0,0.0,0.0,5218.0,6127.0,366.0,136.0,473.0,3252.0,291.0,0.0,0.0,5638.0,868.0,43349.0
ชุมพร,Chumphon,2017,11,504485.0,,,,,,,0.0,0.0,0.0,,26.27008092,601.0,205.0,2290.0,0.0,913.0,2920.0,0.0,0.0,1043.0,2673.0,84.0,192.0,441.0,1457.0,187.0,0.0,0.0,3414.0,216.0,16035.0
ตรัง,Trang,2017,12,641152.0,,,,,,,0.0,0.0,0.0,,25.52035878,474.0,220.0,2680.0,0.0,798.0,4312.0,0.0,0.0,3312.0,3715.0,190.0,136.0,538.0,2367.0,230.0,0.0,0.0,2974.0,198.0,21670.0
ตราด,Trat,2017,6,219253.0,,,,,,,0.0,0.0,0.0,,27.85205613,289.0,64.0,1211.0,0.0,381.0,1112.0,0.0,0.0,560.0,765.0,96.0,26.0,84.0,977.0,145.0,0.0,0.0,1533.0,161.0,7115.0
ตาก,Tak,2017,2,532237.0,,,,,,,317.0,10349.4,16.55904,,31.45401631,1781.0,591.0,2041.0,0.0,2304.0,3458.0,0.0,0.0,3257.0,2850.0,1035.0,190.0,557.0,2190.0,370.0,0.0,0.0,3996.0,317.0,23156.0
นครนายก,Nakhon Nayok,2017,4,258019.0,,,,,,,1.0,2.0,0.0032,,29.40361157,220.0,494.0,1307.0,0.0,706.0,1280.0,0.0,0.0,1142.0,1352.0,43.0,146.0,303.0,881.0,66.0,0.0,0.0,1245.0,198.0,9163.0
นครปฐม,Nakhon Pathom,2017,5,900090.0,,,,,,,,,,,32.55559529,222.0,573.0,2742.0,0.0,720.0,2737.0,0.0,0.0,1784.0,2886.0,276.0,283.0,761.0,2371.0,537.0,0.0,0.0,7094.0,391.0,23155.0
นครพนม,Nakhon Phanom,2017,8,715833.0,,,,,,,82.0,641.0,1.0256,,32.03188838,579.0,219.0,842.0,0.0,1227.0,5451.0,0.0,0.0,1362.0,5901.0,101.0,110.0,216.0,2063.0,128.0,0.0,0.0,3064.0,248.0,20932.0
นครราชสีมา,Nakhon Ratchasima,2017,9,2631594.0,,,,,,,21.0,515.0,0.8240000000000001,,29.18003579,2118.0,2866.0,16983.0,0.0,10559.0,17475.0,0.0,0.0,15933.0,17966.0,811.0,507.0,1908.0,9751.0,957.0,0.0,0.0,23484.0,1579.0,120779.0
นครศรีธรรมราช,Nakhon Si Thammarat,2017,11,1553363.0,,,,,,,16.0,211.0,0.3376,,24.31473137,984.0,1113.0,4297.0,0.0,1350.0,9394.0,0.0,0.0,6164.0,11594.0,2331.0,495.0,2223.0,5690.0,481.0,0.0,0.0,13372.0,1277.0,59781.0
นครสวรรค์,Nakhon Sawan,2017,3,1064055.0,,,,,,,9.0,258.0,0.4128,,32.25029997,973.0,885.0,2873.0,0.0,2005.0,8763.0,0.0,0.0,8432.0,9708.0,220.0,366.0,987.0,4783.0,393.0,0.0,0.0,10373.0,554.0,50342.0
นนทบุรี,Nonthaburi,2017,4,1212349.0,,,,,,,,,,,31.98000436,63.0,799.0,1695.0,0.0,999.0,3127.0,0.0,0.0,3545.0,3982.0,384.0,299.0,1234.0,2425.0,409.0,0.0,0.0,5951.0,523.0,25372.0
นราธิวาส,Narathiwat,2017,12,791733.0,,,,,,,1.0,2.0,0.0032,,23.28099776,445.0,28.0,5458.0,0.0,43.0,2256.0,0.0,0.0,963.0,903.0,13.0,21.0,50.0,667.0,10.0,0.0,0.0,1096.0,64.0,11572.0
น่าน,Nan,2017,1,478093.0,,,,,,,127.0,2240.25,3.5844,,35.19738443,1270.0,370.0,2955.0,0.0,2528.0,3062.0,0.0,0.0,3054.0,4563.0,442.0,263.0,1621.0,2321.0,132.0,0.0,0.0,4890.0,637.0,26838.0
บึงกาฬ,Bueng Kan,2017,8,421741.0,,,,,,,5.0,93.0,0.14880000000000002,,31.78638469,410.0,150.0,2555.0,0.0,819.0,3037.0,0.0,0.0,1449.0,1207.0,35.0,37.0,67.0,1129.0,128.0,0.0,0.0,1672.0,85.0,12370.0
บุรีรัมย์,Buri Ram,2017,9,1588282.0,,,,,,,14.0,156.0,0.24960000000000002,,29.65998869,1023.0,808.0,9456.0,0.0,10378.0,12679.0,0.0,0.0,7787.0,6049.0,666.0,257.0,1680.0,5633.0,509.0,0.0,0.0,9823.0,889.0,66614.0
ปทุมธานี,Pathum Thani,2017,4,1112513.0,,,,,,,,,,,31.98602651,151.0,349.0,1275.0,0.0,777.0,3650.0,0.0,0.0,5336.0,2906.0,313.0,167.0,394.0,2214.0,338.0,0.0,0.0,5650.0,326.0,23695.0
ประจวบคีรีขันธ์,Prachuap Khiri Khan,2017,5,530344.0,,,,,,,4.0,28.0,0.0448,,30.22997795,646.0,324.0,4265.0,0.0,1284.0,3635.0,0.0,0.0,1847.0,2193.0,284.0,292.0,972.0,1973.0,217.0,0.0,0.0,1817.0,278.0,19381.0
ปราจีนบุรี,Prachin Buri,2017,6,485493.0,,,,,,,8.0,238.0,0.3808,,28.94006338,509.0,1037.0,1758.0,0.0,1021.0,4276.0,0.0,0.0,2136.0,3678.0,315.0,260.0,964.0,1852.0,123.0,0.0,0.0,2589.0,569.0,20578.0
ปัตตานี,Pattani,2017,12,703847.0,,,,,,,0.0,0.0,0.0,,25.37274659,201.0,159.0,2966.0,0.0,222.0,4394.0,0.0,0.0,1543.0,4120.0,93.0,66.0,179.0,1199.0,69.0,0.0,0.0,3141.0,312.0,18463.0
พระนครศรีอยุธยา,Phra Nakhon Si Ayutthaya,2017,4,810232.0,,,,,,,,,,,32.26865004,264.0,266.0,4849.0,0.0,1096.0,3614.0,0.0,0.0,3662.0,4094.0,265.0,255.0,560.0,2041.0,422.0,0.0,0.0,7988.0,272.0,29384.0
พะเยา,Phayao,2017,1,475991.0,,,,,,,59.0,802.0,1.2832000000000001,,38.43582957,646.0,345.0,3318.0,0.0,2206.0,3389.0,0.0,0.0,3034.0,3225.0,394.0,132.0,252.0,1772.0,138.0,0.0,0.0,6575.0,282.0,25062.0
พังงา,Phangnga,2017,11,262920.0,,,,,,,0.0,0.0,0.0,,25.78640584,454.0,262.0,1600.0,0.0,572.0,2109.0,0.0,0.0,1328.0,1716.0,737.0,59.0,292.0,741.0,38.0,0.0,0.0,1448.0,387.0,11289.0
พัทลุง,Phatthalung,2017,12,523967.0,,,,,,,2.0,366.0,0.5856,,22.52315167,384.0,197.0,1630.0,0.0,659.0,2995.0,0.0,0.0,2244.0,4255.0,119.0,36.0,178.0,1644.0,130.0,0.0,0.0,3684.0,115.0,17886.0
พิจิตร,Phichit,2017,3,542110.0,,,,,,,,,,,32.65825269,446.0,697.0,832.0,0.0,1107.0,4423.0,0.0,0.0,2642.0,2938.0,610.0,103.0,265.0,1795.0,195.0,0.0,0.0,7285.0,297.0,23189.0
พิษณุโลก,Phitsanulok,2017,2,864208.0,,,,,,,163.0,2713.5,4.341600000000001,,32.26463476,1086.0,1478.0,4257.0,0.0,4187.0,5396.0,0.0,0.0,4662.0,4500.0,566.0,632.0,2087.0,4458.0,215.0,0.0,0.0,8062.0,641.0,41141.0
ภูเก็ต,Phuket,2017,11,388241.0,,,,,,,0.0,0.0,0.0,,27.36322637,52.0,210.0,964.0,0.0,401.0,1440.0,0.0,0.0,743.0,1470.0,87.0,607.0,797.0,1446.0,145.0,0.0,0.0,2196.0,123.0,10629.0
มหาสารคาม,Maha Sarakham,2017,7,962750.0,,,,,,,0.0,0.0,0.0,,29.04480936,571.0,666.0,21588.0,0.0,11436.0,6259.0,0.0,0.0,2875.0,3445.0,169.0,96.0,293.0,2955.0,122.0,0.0,0.0,3301.0,366.0,53571.0
มุกดาหาร,Mukdahan,2017,8,348204.0,,,,,,,52.0,302.66,0.4842560000000001,,31.59863708,417.0,148.0,914.0,0.0,978.0,4647.0,0.0,0.0,2848.0,4383.0,426.0,68.0,285.0,1279.0,53.0,0.0,0.0,1842.0,187.0,18058.0
ยะลา,Yala,2017,12,523402.0,,,,,,,0.0,0.0,0.0,,22.27802107,446.0,222.0,2609.0,0.0,169.0,2619.0,0.0,0.0,1436.0,2933.0,37.0,76.0,153.0,1390.0,68.0,0.0,0.0,2634.0,298.0,14644.0
ยโสธร,Yasothon,2017,10,539406.0,,,,,,,19.0,180.0,0.28800000000000003,,30.58004131,422.0,228.0,1872.0,0.0,1876.0,5184.0,0.0,0.0,3626.0,3881.0,61.0,59.0,111.0,1895.0,107.0,0.0,0.0,1988.0,142.0,21030.0
ระนอง,Ranong,2017,11,176278.0,,,,,,,0.0,0.0,0.0,,25.13408002,324.0,96.0,380.0,0.0,253.0,1466.0,0.0,0.0,1148.0,1643.0,43.0,187.0,586.0,795.0,118.0,0.0,0.0,1897.0,171.0,8783.0
ระยอง,Rayong,2017,6,700069.0,,,,,,,3.0,115.0,0.184,,29.73084136,373.0,299.0,797.0,0.0,747.0,2700.0,0.0,0.0,1484.0,5387.0,226.0,128.0,606.0,2646.0,585.0,0.0,0.0,3837.0,170.0,19612.0
ราชบุรี,Ratchaburi,2017,5,846329.0,,,,,,,16.0,120.0,0.192,,31.45574531,527.0,716.0,1633.0,0.0,953.0,4407.0,0.0,0.0,1532.0,3594.0,690.0,545.0,1479.0,3184.0,343.0,0.0,0.0,5207.0,507.0,24790.0
ร้อยเอ็ด,Roi Et,2017,7,1306993.0,,,,,,,41.0,636.0,1.0176,,30.43974401,801.0,760.0,22888.0,0.0,18520.0,15261.0,0.0,0.0,4483.0,8429.0,114.0,274.0,590.0,4631.0,408.0,0.0,0.0,7354.0,1260.0,84972.0
ลพบุรี,Lop Buri,2017,4,756166.0,,,,,,,3.0,155.0,0.248,,30.32159682,663.0,630.0,2337.0,0.0,1446.0,4334.0,0.0,0.0,3402.0,4044.0,315.0,249.0,772.0,2096.0,436.0,0.0,0.0,5760.0,320.0,26141.0
ลำปาง,Lampang,2017,1,745121.0,,,,,,,374.0,5686.0,9.0976,,36.30271378,1301.0,907.0,2737.0,0.0,2899.0,5739.0,0.0,0.0,3421.0,7295.0,2135.0,457.0,2986.0,4057.0,266.0,0.0,0.0,6559.0,970.0,40428.0
ลำพูน,Lamphun,2017,1,403614.0,,,,,,,278.0,6398.0,10.2368,,33.97024032,465.0,567.0,2058.0,0.0,2168.0,2958.0,0.0,0.0,4607.0,3027.0,968.0,93.0,807.0,2096.0,262.0,0.0,0.0,3553.0,344.0,23508.0
ศรีสะเกษ,Si Sa Ket,2017,10,1470137.0,,,,,,,26.0,228.25,0.3652,,30.5844837,900.0,796.0,6416.0,0.0,7744.0,13543.0,0.0,0.0,5442.0,17798.0,183.0,192.0,315.0,4647.0,805.0,0.0,0.0,7194.0,725.0,65800.0
สกลนคร,Sakon Nakhon,2017,8,1146831.0,,,,,,,120.0,840.0,1.344,,30.37147767,990.0,652.0,26905.0,0.0,23506.0,8891.0,0.0,0.0,4266.0,6403.0,132.0,243.0,347.0,2941.0,226.0,0.0,0.0,5327.0,818.0,80657.0
สงขลา,Songkhla,2017,12,1412116.0,,,,,,,1.0,50.0,0.08,,25.43856799,770.0,1239.0,6874.0,0.0,1318.0,7188.0,0.0,0.0,4726.0,8628.0,711.0,588.0,1976.0,4915.0,587.0,0.0,0.0,9936.0,865.0,49551.0
สตูล,Satun,2017,12,318183.0,,,,,,,0.0,0.0,0.0,,25.34997871,306.0,116.0,1784.0,0.0,120.0,1781.0,0.0,0.0,963.0,1995.0,79.0,10.0,42.0,819.0,56.0,0.0,0.0,1793.0,74.0,9632.0
สมุทรปราการ,Samut Prakan,2017,6,1286150.0,,,,,,,,,,,34.21850535,99.0,550.0,2757.0,0.0,934.0,3759.0,0.0,0.0,2001.0,4176.0,571.0,454.0,1827.0,2872.0,309.0,0.0,0.0,5133.0,425.0,25768.0
สมุทรสงคราม,Samut Songkhram,2017,5,192423.0,,,,,,,,,,,33.32728758,43.0,98.0,177.0,0.0,112.0,972.0,0.0,0.0,558.0,1034.0,116.0,45.0,412.0,376.0,79.0,0.0,0.0,1427.0,53.0,5459.0
สมุทรสาคร,Samut Sakhon,2017,5,533225.0,,,,,,,,,,,33.12835371,88.0,588.0,702.0,0.0,756.0,1871.0,0.0,0.0,2062.0,2534.0,721.0,544.0,1743.0,1314.0,334.0,0.0,0.0,3605.0,336.0,17110.0
สระบุรี,Saraburi,2017,4,634867.0,,,,,,,25.0,132.0,0.2112,,31.14835918,353.0,537.0,1288.0,0.0,1253.0,3838.0,0.0,0.0,2441.0,3087.0,739.0,333.0,1144.0,2378.0,299.0,0.0,0.0,6589.0,541.0,24467.0
สระแก้ว,Sa Kaeo,2017,6,557374.0,,,,,,,5.0,115.0,0.184,,31.65181402,691.0,183.0,1312.0,0.0,953.0,2594.0,0.0,0.0,925.0,2821.0,94.0,32.0,47.0,1347.0,281.0,0.0,0.0,2711.0,134.0,13434.0
สิงห์บุรี,Sing Buri,2017,4,210063.0,,,,,,,,,,,31.79460988,82.0,468.0,942.0,0.0,469.0,1480.0,0.0,0.0,1401.0,1991.0,47.0,44.0,255.0,653.0,101.0,0.0,0.0,3486.0,126.0,11463.0
สุพรรณบุรี,Suphan Buri,2017,5,848136.0,,,,,,,18.0,153.0,0.24480000000000002,,32.9120317,552.0,792.0,3617.0,0.0,1281.0,4147.0,0.0,0.0,3143.0,3871.0,187.0,215.0,437.0,3590.0,347.0,0.0,0.0,7275.0,367.0,29269.0
สุราษฎร์ธานี,Surat Thani,2017,11,1048685.0,,,,,,,0.0,0.0,0.0,,25.44811544,1313.0,544.0,5322.0,0.0,1818.0,5272.0,0.0,0.0,2703.0,6004.0,939.0,190.0,776.0,4564.0,517.0,0.0,0.0,7877.0,365.0,36891.0
สุรินทร์,Surin,2017,9,1395250.0,,,,,,,20.0,212.42,0.339872,,30.6977275,904.0,825.0,6565.0,0.0,5854.0,11120.0,0.0,0.0,6098.0,7018.0,1038.0,150.0,1155.0,4480.0,388.0,0.0,0.0,7759.0,406.0,52856.0
สุโขทัย,Sukhothai,2017,2,599140.0,,,,,,,81.0,1054.0,1.6864000000000001,,34.43965688,692.0,454.0,5422.0,0.0,1440.0,3629.0,0.0,0.0,3483.0,2568.0,138.0,153.0,221.0,1874.0,235.0,0.0,0.0,4284.0,312.0,24213.0
หนองคาย,Nong Khai,2017,8,516746.0,,,,,,,25.0,527.0,0.8432000000000001,,30.56477287,344.0,271.0,821.0,0.0,849.0,3350.0,0.0,0.0,2183.0,2545.0,352.0,438.0,272.0,1532.0,110.0,0.0,0.0,2834.0,123.0,15680.0
หนองบัวลำภู,Nong Bua Lam Phu,2017,8,510761.0,,,,,,,21.0,345.0,0.552,,31.71600913,425.0,2047.0,621.0,0.0,1390.0,3039.0,0.0,0.0,2525.0,2525.0,15.0,30.0,82.0,1290.0,116.0,0.0,0.0,1933.0,198.0,15811.0
อำนาจเจริญ,Amnat Charoen,2017,10,376839.0,,,,,,,14.0,145.0,0.232,,28.90873505,335.0,188.0,2909.0,0.0,1059.0,3272.0,0.0,0.0,1170.0,2146.0,76.0,55.0,77.0,1191.0,63.0,0.0,0.0,1975.0,217.0,14398.0
อุดรธานี,Udon Thani,2017,8,1575173.0,,,,,,,61.0,935.0,1.496,,30.30175136,1136.0,774.0,4407.0,0.0,3012.0,8828.0,0.0,0.0,4121.0,11011.0,244.0,315.0,400.0,4661.0,246.0,0.0,0.0,5693.0,452.0,44164.0
อุตรดิตถ์,Uttaradit,2017,2,456630.0,,,,,,,46.0,485.0,0.776,,35.03499,814.0,660.0,2279.0,0.0,1641.0,3379.0,0.0,0.0,3257.0,2196.0,682.0,233.0,1942.0,2133.0,201.0,0.0,0.0,3701.0,638.0,22942.0
อุทัยธานี,Uthai Thani,2017,3,329666.0,,,,,,,61.0,1256.0,2.0096000000000003,,32.52661392,675.0,308.0,2796.0,0.0,1637.0,2288.0,0.0,0.0,2455.0,2197.0,47.0,33.0,68.0,1465.0,152.0,0.0,0.0,5580.0,152.0,19178.0
อุบลราชธานี,Ubon Ratchathani,2017,10,1858789.0,,,,,,,69.0,567.38,0.9078080000000001,,29.84655865,1589.0,966.0,8824.0,0.0,5566.0,11727.0,0.0,0.0,5068.0,20431.0,363.0,197.0,412.0,9991.0,310.0,0.0,0.0,11072.0,962.0,75889.0
อ่างทอง,Ang Thong,2017,4,281432.0,,,,,,,,,,,32.24600084,99.0,311.0,1508.0,0.0,668.0,2162.0,0.0,0.0,2867.0,2417.0,157.0,312.0,390.0,786.0,138.0,0.0,0.0,3588.0,287.0,15591.0
เชียงราย,Chiang Rai,2017,1,1166461.0,,,,,,,86.0,831.76,1.330816,,38.17331884,1214.0,789.0,8718.0,0.0,4448.0,9723.0,0.0,0.0,7704.0,6578.0,578.0,765.0,1308.0,5350.0,469.0,0.0,0.0,10481.0,832.0,57743.0
เชียงใหม่,Chiang Mai,2017,1,1610419.0,,,,,,,1408.0,22055.15,35.28824,,31.88572984,2305.0,2814.0,21763.0,0.0,17261.0,9353.0,0.0,0.0,10549.0,12426.0,1882.0,401.0,2768.0,10236.0,961.0,0.0,0.0,16056.0,1047.0,107517.0
เพชรบุรี,Phetchaburi,2017,5,477691.0,,,,,,,13.0,334.0,0.5344,,31.0221759,625.0,177.0,1172.0,0.0,340.0,2526.0,0.0,0.0,1827.0,1607.0,161.0,125.0,455.0,1279.0,230.0,0.0,0.0,4183.0,207.0,14289.0
เพชรบูรณ์,Phetchabun,2017,2,993392.0,,,,,,,67.0,1315.25,2.1044,,30.07149446,1271.0,432.0,3103.0,0.0,3395.0,6600.0,0.0,0.0,4750.0,4763.0,680.0,173.0,450.0,2589.0,353.0,0.0,0.0,7391.0,508.0,35187.0
เลย,Loei,2017,8,636772.0,,,,,,,103.0,1635.0,2.616,,31.68222237,1081.0,283.0,1188.0,0.0,1292.0,3454.0,0.0,0.0,1667.0,4850.0,145.0,44.0,113.0,2189.0,349.0,0.0,0.0,3712.0,207.0,19493.0
แพร่,Phrae,2017,1,448160.0,,,,,,,78.0,726.0,1.1616,,36.7610635,671.0,459.0,2997.0,0.0,2233.0,3557.0,0.0,0.0,2006.0,3943.0,409.0,110.0,418.0,1565.0,241.0,0.0,0.0,3953.0,267.0,22158.0
แม่ฮ่องสอน,Mae Hong Son,2017,1,233632.0,,,,,,,298.0,3703.0,5.9248,,31.76396907,1335.0,80.0,919.0,0.0,1125.0,1368.0,0.0,0.0,1935.0,1814.0,85.0,31.0,95.0,1130.0,81.0,0.0,0.0,1708.0,128.0,10499.0
กระบี่,Krabi,2018,11,469847.0,506164.0,28963.0,490.0,2973.0,107.499779123,4708.512,0.0,0.0,0.0,0.0,26.191397,531.0,173.0,1509.0,403.0,514.0,2757.0,804.0,232.0,2123.0,2492.0,353.0,321.0,846.0,1613.0,137.0,0.0,1.0,2187.0,425.0,16890.0
กรุงเทพมหานคร,Bangkok,2018,13,5575104.0,7842117.0,2053219.0,10861.0,101389.0,4999.0004698,1568.737,,,,,30.3371001,158.0,1409.0,6275.0,1731.0,3427.0,7583.0,1860.0,2040.0,6432.0,8264.0,737.0,679.0,2176.0,4646.0,732.0,85.0,102.0,9615.0,671.0,58464.0
กาญจนบุรี,Kanchanaburi,2018,5,815178.0,929386.0,28370.0,2047.0,5818.0,47.7020448646,19483.148,105.0,912.0,1.4592,0.007489549430102363,30.02757745,1977.0,565.0,11301.0,1581.0,6721.0,3001.0,419.0,197.0,3019.0,2796.0,279.0,232.0,819.0,2783.0,458.0,3.0,8.0,6914.0,507.0,41603.0
กาฬสินธุ์,Kalasin,2018,7,984901.0,994589.0,4935.0,827.0,3481.0,143.173364911,6946.746,31.0,218.0,0.3488,0.0050210559015688785,32.99077968,711.0,402.0,3884.0,1873.0,2181.0,6967.0,3138.0,229.0,3305.0,6403.0,340.0,211.0,643.0,2772.0,289.0,4.0,9.0,5220.0,386.0,38256.0
กำแพงเพชร,Kamphaeng Phet,2018,3,726994.0,753689.0,20359.0,578.0,4945.0,87.5619954249,8607.49,33.0,347.0,0.5552,0.006450196282539974,35.7589915,879.0,366.0,6131.0,1203.0,1864.0,3278.0,711.0,200.0,6585.0,4611.0,463.0,192.0,549.0,2649.0,361.0,0.0,8.0,7574.0,277.0,37022.0
ขอนแก่น,Khon Kaen,2018,7,1802880.0,1833851.0,25742.0,1427.0,787.0,168.459720387,10885.991,48.0,687.0,1.0992,0.010097381120377556,30.80337771,1097.0,965.0,7758.0,2956.0,4740.0,8378.0,2516.0,543.0,4449.0,11988.0,834.0,470.0,1574.0,5017.0,570.0,14.0,30.0,8556.0,723.0,62081.0
จันทบุรี,Chanthaburi,2018,6,532526.0,594177.0,54057.0,463.0,3161.0,93.748343326,6338.0,0.0,0.0,0.0,0.0,26.07964884,650.0,380.0,2922.0,702.0,1676.0,3026.0,587.0,393.0,2062.0,3126.0,484.0,172.0,817.0,2339.0,569.0,1.0,3.0,4907.0,365.0,24531.0
ฉะเชิงเทรา,Chachoengsao,2018,6,708894.0,809268.0,77354.0,966.0,15939.0,151.236778172,5351.0,0.0,0.0,0.0,0.0,29.28446555,527.0,603.0,6032.0,1276.0,4356.0,4104.0,782.0,318.0,6483.0,3543.0,487.0,344.0,1227.0,2632.0,353.0,4.0,11.0,6179.0,514.0,39248.0
ชลบุรี,Chon Buri,2018,6,1503563.0,2116663.0,550852.0,1377.0,28989.0,485.139353656,4363.0,15.0,130.0,0.20800000000000002,0.004767361906944763,31.0434296,453.0,848.0,9277.0,3044.0,4830.0,7628.0,1522.0,392.0,5917.0,8749.0,620.0,574.0,1565.0,6156.0,988.0,3.0,43.0,11974.0,883.0,65013.0
ชัยนาท,Chai Nat,2018,3,328648.0,348198.0,13121.0,1357.0,5457.0,140.985348291,2469.746,,,,,34.2227693,259.0,385.0,4512.0,735.0,1026.0,1825.0,455.0,87.0,2118.0,4025.0,84.0,81.0,264.0,1206.0,182.0,1.0,2.0,6469.0,151.0,23608.0
ชัยภูมิ,Chaiyaphum,2018,9,1138091.0,1152501.0,9795.0,2136.0,1793.0,90.1921360821,12778.287,98.0,1852.0,2.9632,0.02318933672408516,29.82755492,1302.0,711.0,18166.0,3722.0,5134.0,6986.0,2411.0,305.0,5019.0,7058.0,494.0,212.0,845.0,3524.0,368.0,0.0,4.0,6367.0,776.0,62102.0
ชุมพร,Chumphon,2018,11,505994.0,550464.0,38549.0,,952.0,91.5936490251,6009.849,0.0,0.0,0.0,0.0,27.97795011,601.0,247.0,4205.0,1030.0,1210.0,2594.0,593.0,245.0,1548.0,2838.0,145.0,209.0,561.0,1595.0,191.0,1.0,2.0,3714.0,265.0,21193.0
ตรัง,Trang,2018,12,641755.0,662421.0,17218.0,217.0,1870.0,134.706342772,4917.519,5.0,66.31,0.10609600000000001,0.0021575107284791378,26.15310504,474.0,200.0,3691.0,899.0,741.0,3222.0,1010.0,353.0,3054.0,3597.0,183.0,182.0,585.0,2038.0,277.0,0.0,4.0,2602.0,271.0,22909.0
ตราด,Trat,2018,6,219819.0,257780.0,26836.0,310.0,720.0,91.4437743881,2819.0,0.0,0.0,0.0,0.0,28.65045309,289.0,129.0,1528.0,530.0,805.0,1272.0,254.0,103.0,1057.0,1260.0,148.0,59.0,209.0,1056.0,196.0,0.0,2.0,1749.0,187.0,10544.0
ตาก,Tak,2018,2,537702.0,711584.0,55053.0,317.0,1538.0,43.3716816047,16406.65,163.0,8639.5,13.8232,0.08425364105408477,32.97255977,1781.0,446.0,2437.0,431.0,1981.0,2645.0,364.0,201.0,3290.0,2904.0,706.0,243.0,789.0,2223.0,394.0,1.0,0.0,3963.0,261.0,23279.0
นครนายก,Nakhon Nayok,2018,4,258673.0,279437.0,9567.0,289.0,9488.0,131.685673893,2122.0,0.0,0.0,0.0,0.0,27.80007492,220.0,352.0,1796.0,1009.0,834.0,1320.0,128.0,77.0,1183.0,1296.0,82.0,93.0,273.0,889.0,117.0,3.0,1.0,1591.0,170.0,11214.0
นครปฐม,Nakhon Pathom,2018,5,905125.0,1108722.0,159375.0,3090.0,29204.0,511.326013097,2168.327,,,,,31.51438648,222.0,675.0,5393.0,1092.0,1829.0,3580.0,560.0,284.0,3054.0,4041.0,463.0,382.0,1129.0,2787.0,626.0,2.0,13.0,7761.0,529.0,34200.0
นครพนม,Nakhon Phanom,2018,8,716782.0,733011.0,11188.0,2059.0,978.0,132.968464635,5512.668,40.0,240.5,0.38480000000000003,0.0069802861336833635,33.81745745,579.0,266.0,1820.0,895.0,1786.0,4541.0,1116.0,289.0,1636.0,5462.0,184.0,160.0,423.0,1964.0,156.0,0.0,541.0,3454.0,276.0,24969.0
นครราชสีมา,Nakhon Ratchasima,2018,9,2638687.0,2715277.0,55630.0,3772.0,9474.0,132.491547267,20493.964,18.0,184.0,0.2944,0.0014365205286785904,30.07252531,2118.0,2471.0,23781.0,4381.0,11068.0,13596.0,3513.0,1211.0,12850.0,16185.0,941.0,619.0,2398.0,8734.0,1036.0,4.0,14.0,22551.0,1529.0,126882.0
นครศรีธรรมราช,Nakhon Si Thammarat,2018,11,1556075.0,1600006.0,30726.0,1982.0,6865.0,160.925891692,9942.502,20.0,800.0,1.28,0.012874023057777611,27.26840968,984.0,944.0,5695.0,2089.0,1420.0,7663.0,2331.0,656.0,6455.0,10705.0,1266.0,575.0,2192.0,4497.0,485.0,1.0,16.0,12830.0,1102.0,60922.0
นครสวรรค์,Nakhon Sawan,2018,3,1062699.0,1098597.0,29096.0,787.0,4750.0,114.464885618,9597.677,6.0,265.0,0.42400000000000004,0.00441773566666184,32.59905337,973.0,758.0,3668.0,823.0,2162.0,5447.0,1829.0,308.0,5598.0,8257.0,268.0,276.0,867.0,3565.0,511.0,2.0,1.0,11872.0,447.0,46659.0
นนทบุรี,Nonthaburi,2018,4,1228649.0,1855760.0,374461.0,30596.0,204408.0,2982.08429013,622.303,,,,,29.54998142,63.0,937.0,5221.0,664.0,2746.0,4838.0,535.0,787.0,4921.0,5704.0,540.0,473.0,1695.0,3187.0,517.0,13.0,30.0,7875.0,741.0,41424.0
นราธิวาส,Narathiwat,2018,12,798098.0,810230.0,7371.0,,385.0,181.039587258,4475.43,0.0,0.0,0.0,0.0,24.42174634,445.0,164.0,15593.0,440.0,290.0,3560.0,688.0,146.0,2289.0,3154.0,198.0,98.0,241.0,1403.0,124.0,1.0,4.0,3652.0,335.0,32380.0
น่าน,Nan,2018,1,477648.0,480931.0,1771.0,171.0,,41.9218951903,11472.072,69.0,1133.7,1.8139200000000002,0.015811616245086327,35.60150046,1270.0,325.0,3062.0,1635.0,1923.0,2019.0,471.0,388.0,2578.0,3935.0,213.0,215.0,1541.0,2006.0,212.0,1.0,4.0,4390.0,524.0,25442.0
บึงกาฬ,Bueng Kan,2018,8,422859.0,432205.0,5495.0,932.0,1838.0,100.396051103,4305.0,13.0,319.0,0.5104000000000001,0.011855981416957028,34.27450609,410.0,179.0,2379.0,1233.0,954.0,2235.0,729.0,90.0,1245.0,1269.0,69.0,95.0,161.0,1106.0,132.0,0.0,72.0,1853.0,129.0,13930.0
บุรีรัมย์,Buri Ram,2018,9,1591632.0,1607257.0,10083.0,994.0,1330.0,155.698431204,10322.885,19.0,87.0,0.13920000000000002,0.0013484602414925674,30.74608579,1023.0,932.0,13220.0,3103.0,9969.0,9227.0,2353.0,657.0,7208.0,6311.0,667.0,317.0,1840.0,5400.0,654.0,3.0,24.0,8750.0,817.0,71452.0
ปทุมธานี,Pathum Thani,2018,4,1129006.0,1651176.0,315297.0,16419.0,173368.0,1082.13094814,1525.856,,,,,29.09713688,151.0,545.0,4998.0,608.0,2359.0,5580.0,702.0,386.0,5229.0,4540.0,570.0,374.0,1128.0,2877.0,477.0,5.0,13.0,7484.0,558.0,38433.0
ประจวบคีรีขันธ์,Prachuap Khiri Khan,2018,5,534589.0,604329.0,53004.0,159.0,2351.0,94.9065741988,6367.62,4.0,18.0,0.028800000000000003,0.0004522882960980712,30.91271109,646.0,267.0,3169.0,926.0,1052.0,2557.0,400.0,232.0,1961.0,2330.0,264.0,248.0,940.0,1755.0,212.0,1.0,4.0,2589.0,329.0,19236.0
ปราจีนบุรี,Prachin Buri,2018,6,488790.0,599571.0,101967.0,,5964.0,125.897821291,4762.362,4.0,116.0,0.18560000000000001,0.0038972257883798,28.26002128,509.0,609.0,1745.0,701.0,1130.0,2399.0,375.0,112.0,1504.0,2751.0,215.0,187.0,611.0,1615.0,184.0,0.0,0.0,2432.0,280.0,16850.0
ปัตตานี,Pattani,2018,12,712310.0,742908.0,17728.0,1939.0,5164.0,382.872009054,1940.356,0.0,0.0,0.0,0.0,26.42717733,201.0,243.0,10525.0,883.0,352.0,3420.0,615.0,276.0,2076.0,4022.0,90.0,123.0,272.0,1347.0,98.0,1.0,0.0,3657.0,334.0,28334.0
พระนครศรีอยุธยา,Phra Nakhon Si Ayutthaya,2018,4,813622.0,906560.0,74637.0,2510.0,11972.0,354.5903999,2556.64,,,,,31.42652567,264.0,412.0,8979.0,1700.0,2527.0,4366.0,1112.0,467.0,4640.0,4765.0,520.0,337.0,957.0,2609.0,497.0,4.0,14.0,7971.0,423.0,42300.0
พะเยา,Phayao,2018,1,473909.0,486022.0,8615.0,821.0,1371.0,76.7193996584,6335.06,30.0,250.0,0.4,0.006314068059339611,39.52707282,646.0,413.0,3230.0,1128.0,1896.0,2550.0,641.0,326.0,3293.0,2930.0,336.0,224.0,478.0,1746.0,199.0,0.0,9.0,6169.0,311.0,25879.0
พังงา,Phangnga,2018,11,263919.0,298937.0,27985.0,,2712.0,71.6721471051,4170.895,0.0,0.0,0.0,0.0,28.08075713,454.0,254.0,1683.0,483.0,571.0,1689.0,287.0,184.0,1551.0,1880.0,630.0,185.0,557.0,996.0,109.0,1.0,3.0,2193.0,397.0,13653.0
พัทลุง,Phatthalung,2018,12,524618.0,536958.0,5771.0,1701.0,4442.0,156.800185021,3424.473,6.0,44.9,0.07184,0.0020978410400666033,25.89271783,384.0,312.0,2388.0,608.0,572.0,2412.0,884.0,485.0,2407.0,4018.0,138.0,146.0,345.0,1511.0,195.0,0.0,6.0,4015.0,123.0,20565.0
พิจิตร,Phichit,2018,3,540019.0,558514.0,14172.0,3134.0,1834.0,123.264709238,4531.013,,,,,34.44521199,446.0,652.0,1367.0,455.0,1034.0,2782.0,899.0,174.0,2628.0,2969.0,740.0,158.0,525.0,1751.0,216.0,0.0,1.0,6148.0,285.0,22784.0
พิษณุโลก,Phitsanulok,2018,2,864644.0,920001.0,44722.0,3720.0,4668.0,85.060412243,10815.854,87.0,1090.0,1.744,0.016124478011629965,33.99198263,1086.0,810.0,4317.0,1834.0,2225.0,3492.0,775.0,386.0,4478.0,3716.0,500.0,381.0,1657.0,2814.0,256.0,1.0,4.0,6941.0,529.0,35116.0
ภูเก็ต,Phuket,2018,11,395424.0,565944.0,151411.0,170.0,4152.0,1042.18888688,543.034,0.0,0.0,0.0,0.0,31.19598045,52.0,248.0,2766.0,187.0,1161.0,2449.0,441.0,598.0,1838.0,2719.0,262.0,685.0,1080.0,1803.0,241.0,10.0,8.0,3433.0,259.0,20188.0
มหาสารคาม,Maha Sarakham,2018,7,962473.0,984670.0,15235.0,350.0,6038.0,186.078795725,5291.683,0.0,0.0,0.0,0.0,30.68001046,571.0,541.0,14084.0,2277.0,7603.0,5224.0,1757.0,248.0,4306.0,4435.0,175.0,191.0,538.0,2852.0,243.0,5.0,7.0,4174.0,365.0,49025.0
มุกดาหาร,Mukdahan,2018,8,349265.0,361880.0,6468.0,1588.0,1542.0,83.3857547415,4339.83,61.0,274.88,0.43980800000000003,0.010134221847399554,31.82584115,417.0,192.0,3005.0,1408.0,864.0,2902.0,961.0,97.0,2307.0,3506.0,227.0,100.0,329.0,1097.0,84.0,1.0,40.0,1707.0,175.0,19002.0
ยะลา,Yala,2018,12,528350.0,547113.0,13671.0,95.0,1021.0,121.01383785,4521.078,0.0,0.0,0.0,0.0,24.29560315,446.0,168.0,3232.0,568.0,266.0,2144.0,505.0,228.0,1625.0,2727.0,99.0,114.0,310.0,1128.0,118.0,0.0,4.0,2575.0,240.0,16051.0
ยโสธร,Yasothon,2018,10,538837.0,545562.0,4816.0,,2017.0,131.092274629,4161.664,19.0,252.0,0.4032,0.00968843231937994,32.66203496,422.0,228.0,5148.0,1144.0,1608.0,3600.0,1032.0,183.0,4576.0,2964.0,139.0,103.0,333.0,1779.0,138.0,0.0,8.0,2186.0,186.0,25355.0
ระนอง,Ranong,2018,11,177001.0,241654.0,48569.0,402.0,815.0,73.2718928941,3298.045,0.0,0.0,0.0,0.0,27.42370423,324.0,117.0,641.0,145.0,294.0,1048.0,251.0,86.0,974.0,1394.0,75.0,220.0,371.0,740.0,123.0,0.0,0.0,1463.0,129.0,8071.0
ระยอง,Rayong,2018,6,710811.0,970239.0,245169.0,,1754.0,273.152871622,3552.0,0.0,0.0,0.0,0.0,29.61385432,373.0,713.0,5634.0,800.0,3391.0,4939.0,910.0,359.0,3506.0,7494.0,399.0,249.0,992.0,3848.0,722.0,7.0,3.0,5986.0,398.0,40350.0
ราชบุรี,Ratchaburi,2018,5,847350.0,945536.0,57001.0,3788.0,11229.0,181.957647338,5196.462,8.0,74.0,0.1184,0.002278473315113244,30.70165936,527.0,916.0,4274.0,1954.0,1968.0,4261.0,1074.0,446.0,3002.0,4230.0,710.0,512.0,1559.0,3003.0,422.0,1.0,50.0,6691.0,628.0,35701.0
ร้อยเอ็ด,Roi Et,2018,7,1306530.0,1312128.0,3428.0,,1492.0,158.098206279,8299.449,18.0,195.0,0.312,0.003759285706798126,32.40186251,801.0,676.0,20867.0,2314.0,9793.0,9604.0,2063.0,221.0,4681.0,7913.0,245.0,364.0,917.0,3953.0,405.0,7.0,12.0,7388.0,937.0,72360.0
ลพบุรี,Lop Buri,2018,4,756711.0,791451.0,23349.0,,9369.0,127.658472846,6199.753,1.0,7.0,0.0112,0.00018065235824717534,30.66363231,663.0,647.0,3804.0,1647.0,1672.0,3451.0,653.0,201.0,3772.0,4193.0,340.0,279.0,1012.0,2125.0,425.0,0.0,16.0,6271.0,414.0,30922.0
ลำปาง,Lampang,2018,1,742078.0,756237.0,10819.0,633.0,1902.0,60.3350369448,12533.961,232.0,4303.0,6.8848,0.05492916405276832,37.2913594,1301.0,669.0,2982.0,1895.0,2419.0,3937.0,1023.0,403.0,3469.0,6381.0,1317.0,361.0,2251.0,3157.0,243.0,5.0,3.0,6002.0,702.0,37219.0
ลำพูน,Lamphun,2018,1,403330.0,433216.0,19973.0,963.0,6325.0,96.1445506118,4505.882,243.0,5995.0,9.592,0.2128773012697625,33.71248378,465.0,571.0,3192.0,1581.0,2458.0,2123.0,385.0,285.0,4108.0,3042.0,1093.0,148.0,857.0,1949.0,210.0,1.0,6.0,4045.0,281.0,26335.0
ศรีสะเกษ,Si Sa Ket,2018,10,1471434.0,1474326.0,1315.0,,,166.779412071,8839.976,53.0,421.51,0.674416,0.007629160984147468,32.85265103,900.0,818.0,6671.0,3395.0,6091.0,10321.0,4121.0,503.0,6100.0,16144.0,230.0,257.0,726.0,4927.0,775.0,2.0,22.0,7343.0,730.0,69176.0
สกลนคร,Sakon Nakhon,2018,8,1149943.0,1155156.0,1907.0,545.0,422.0,120.256545966,9605.764,104.0,402.5,0.644,0.0067043079550986266,32.65811525,990.0,536.0,40092.0,1676.0,37807.0,6393.0,1290.0,282.0,3982.0,5756.0,231.0,229.0,517.0,2995.0,292.0,0.0,276.0,5319.0,642.0,108315.0
สงขลา,Songkhla,2018,12,1418792.0,1537075.0,99579.0,2821.0,2047.0,192.763410198,7973.894,4.0,85.0,0.136,0.0017055656872288494,28.39683517,770.0,869.0,32605.0,1655.0,1263.0,5725.0,2015.0,1046.0,5132.0,8015.0,714.0,506.0,2122.0,3700.0,505.0,3.0,8.0,9076.0,889.0,75848.0
สตูล,Satun,2018,12,320137.0,329631.0,7333.0,76.0,648.0,132.970576169,2478.977,2.0,2.0,0.0032,0.00012908550583567337,27.26473164,306.0,151.0,2533.0,70.0,328.0,1449.0,380.0,180.0,1204.0,2122.0,239.0,62.0,283.0,848.0,116.0,0.0,3.0,2044.0,137.0,12149.0
สมุทรปราการ,Samut Prakan,2018,6,1300830.0,2081114.0,620610.0,41105.0,92791.0,2072.63278664,1004.092,,,,,34.37255859,99.0,725.0,7217.0,1438.0,3836.0,6442.0,823.0,404.0,6004.0,7059.0,926.0,634.0,2705.0,4342.0,565.0,12.0,120.0,8262.0,700.0,52214.0
สมุทรสงคราม,Samut Songkhram,2018,5,192138.0,214428.0,12801.0,1031.0,6805.0,514.577388909,416.707,,,,,34.23842918,43.0,152.0,349.0,68.0,185.0,876.0,122.0,49.0,698.0,1003.0,126.0,122.0,497.0,501.0,104.0,0.0,6.0,1694.0,78.0,6630.0
สมุทรสาคร,Samut Sakhon,2018,5,540062.0,1092659.0,465282.0,15674.0,33739.0,1252.55087712,872.347,,,,,35.38831807,88.0,422.0,1808.0,170.0,1181.0,1979.0,293.0,168.0,2069.0,2380.0,592.0,396.0,1380.0,1483.0,252.0,2.0,29.0,3300.0,350.0,18254.0
สระบุรี,Saraburi,2018,4,637223.0,734513.0,68474.0,8242.0,12773.0,205.372815663,3576.486,1.0,8.0,0.0128,0.0003578931946049838,30.33883636,353.0,560.0,3134.0,579.0,1906.0,3830.0,463.0,256.0,3212.0,3686.0,655.0,302.0,1169.0,2517.0,391.0,2.0,0.0,6910.0,534.0,30106.0
สระแก้ว,Sa Kaeo,2018,6,559641.0,592888.0,20843.0,685.0,7268.0,82.3977865969,7195.436,6.0,142.0,0.2272,0.0031575570959146886,28.43785655,691.0,245.0,2229.0,1238.0,1453.0,2614.0,602.0,173.0,1404.0,2998.0,161.0,77.0,253.0,1657.0,316.0,0.0,1.0,3123.0,200.0,18744.0
สิงห์บุรี,Sing Buri,2018,4,209444.0,231338.0,13493.0,1521.0,6947.0,281.269529398,822.478,,,,,32.56560439,82.0,447.0,1372.0,607.0,537.0,1273.0,284.0,118.0,1625.0,1877.0,77.0,80.0,304.0,686.0,123.0,1.0,6.0,3239.0,133.0,12789.0
สุพรรณบุรี,Suphan Buri,2018,5,847992.0,870135.0,15177.0,742.0,5496.0,162.398973648,5358.008,13.0,138.0,0.22080000000000002,0.004120934496551704,33.95872376,552.0,651.0,5050.0,1855.0,2133.0,3057.0,678.0,220.0,2975.0,3223.0,232.0,231.0,666.0,2747.0,414.0,10.0,4.0,6155.0,363.0,30664.0
สุราษฎร์ธานี,Surat Thani,2018,11,1053944.0,1173226.0,105445.0,1215.0,3065.0,91.0079371094,12891.469,0.0,0.0,0.0,0.0,28.12994579,1313.0,588.0,6505.0,2173.0,1959.0,4946.0,1333.0,521.0,3948.0,6594.0,867.0,298.0,1279.0,3736.0,520.0,1.0,10.0,8238.0,436.0,43952.0
สุรินทร์,Surin,2018,9,1396289.0,1423791.0,20265.0,2048.0,3621.0,175.256177456,8124.056,25.0,229.48,0.367168,0.004519515867443554,31.81761408,904.0,634.0,11872.0,2141.0,5252.0,7811.0,2248.0,207.0,4836.0,7020.0,509.0,201.0,1221.0,3862.0,420.0,0.0,9.0,7589.0,521.0,56353.0
สุโขทัย,Sukhothai,2018,2,597639.0,625863.0,14930.0,1505.0,12171.0,94.8839100486,6596.092,33.0,654.0,1.0464,0.01586393882923404,37.18026242,692.0,530.0,4348.0,1405.0,1385.0,2764.0,513.0,206.0,3866.0,2502.0,154.0,152.0,402.0,1934.0,245.0,0.0,6.0,4443.0,254.0,25109.0
หนองคาย,Nong Khai,2018,8,517343.0,536305.0,9519.0,361.0,4322.0,177.157382204,3027.28,47.0,1557.0,2.4912,0.08229169419412806,33.72704303,344.0,288.0,2588.0,755.0,1410.0,3595.0,675.0,119.0,2510.0,2997.0,158.0,236.0,353.0,1812.0,174.0,0.0,8.0,3405.0,205.0,21288.0
หนองบัวลำภู,Nong Bua Lam Phu,2018,8,511407.0,528784.0,12340.0,2280.0,2047.0,137.023118946,3859.086,17.0,151.0,0.2416,0.006260549777848952,32.06706389,425.0,729.0,1302.0,576.0,1265.0,2645.0,542.0,120.0,2314.0,2803.0,74.0,65.0,204.0,1357.0,147.0,3.0,0.0,2436.0,196.0,16778.0
อำนาจเจริญ,Amnat Charoen,2018,10,377581.0,386116.0,6710.0,,785.0,122.140369879,3161.248,12.0,90.0,0.14400000000000002,0.004555163024223346,31.44686723,335.0,279.0,4584.0,964.0,1604.0,2780.0,718.0,149.0,1592.0,2876.0,148.0,68.0,286.0,1582.0,130.0,0.0,12.0,2613.0,232.0,20617.0
อุดรธานี,Udon Thani,2018,8,1578403.0,1609963.0,16589.0,1361.0,5347.0,137.24821407,11730.302,69.0,846.0,1.3536000000000001,0.011539344852332023,32.16964635,1136.0,692.0,6681.0,2419.0,4669.0,6940.0,1430.0,362.0,3803.0,10641.0,327.0,358.0,681.0,4248.0,358.0,4.0,12.0,5866.0,598.0,50089.0
อุตรดิตถ์,Uttaradit,2018,2,455211.0,467581.0,11616.0,182.0,380.0,59.6511465324,7838.592,39.0,403.0,0.6448,0.008225967112461015,35.45634553,814.0,429.0,2226.0,584.0,1156.0,2029.0,255.0,87.0,2462.0,1964.0,597.0,222.0,1552.0,1469.0,140.0,0.0,1.0,3574.0,365.0,19112.0
อุทัยธานี,Uthai Thani,2018,3,329205.0,339182.0,7852.0,766.0,1131.0,50.396671979,6730.246,20.0,357.0,0.5712,0.008487059759776983,32.57449606,675.0,316.0,1855.0,312.0,1196.0,1491.0,628.0,77.0,1894.0,2135.0,72.0,56.0,171.0,1246.0,191.0,0.0,1.0,5141.0,167.0,16949.0
อุบลราชธานี,Ubon Ratchathani,2018,10,1864544.0,1895732.0,20339.0,,845.0,120.180803854,15774.0,118.0,762.27,1.219632,0.007731913275009509,32.15417135,1589.0,835.0,9247.0,7058.0,5614.0,9436.0,3151.0,765.0,12217.0,16315.0,343.0,226.0,605.0,6793.0,352.0,5.0,57.0,11249.0,1035.0,85303.0
อ่างทอง,Ang Thong,2018,4,280621.0,322008.0,12934.0,1972.0,26262.0,332.525103989,968.372,,,,,32.73274937,99.0,237.0,1778.0,805.0,446.0,1202.0,275.0,122.0,2114.0,1800.0,142.0,237.0,351.0,766.0,142.0,0.0,2.0,2473.0,213.0,13105.0
เชียงราย,Chiang Rai,2018,1,1170232.0,1316178.0,23086.0,,962.0,112.702210386,11678.369,43.0,281.6,0.45056000000000007,0.0038580729894731026,39.60390701,1214.0,591.0,7872.0,1663.0,3346.0,5333.0,1069.0,480.0,5971.0,6091.0,573.0,527.0,1530.0,4088.0,515.0,1.0,6.0,8638.0,576.0,48870.0
เชียงใหม่,Chiang Mai,2018,1,1620100.0,1875480.0,97123.0,2917.0,11698.0,93.2747144448,20107.057,1223.0,15055.05,24.08808,0.11979913320979793,32.32132744,2305.0,1657.0,14675.0,3623.0,9243.0,6791.0,1632.0,1248.0,9493.0,10266.0,1519.0,454.0,3103.0,6870.0,764.0,9.0,23.0,13680.0,804.0,85854.0
เพชรบุรี,Phetchaburi,2018,5,479280.0,527180.0,38028.0,789.0,4069.0,84.6856728317,6225.138,10.0,87.0,0.13920000000000002,0.0022360950070504466,31.64236329,625.0,242.0,1738.0,1028.0,468.0,1872.0,370.0,164.0,1921.0,1847.0,285.0,215.0,863.0,1322.0,186.0,0.0,10.0,3887.0,236.0,16654.0
เพชรบูรณ์,Phetchabun,2018,2,993024.0,1021395.0,22560.0,751.0,3544.0,80.6253125884,12668.416,43.0,408.0,0.6528,0.005152972557895163,30.13426982,1271.0,444.0,4914.0,1588.0,2528.0,5126.0,1355.0,240.0,4025.0,4734.0,758.0,271.0,788.0,2781.0,424.0,0.0,18.0,7898.0,599.0,38491.0
เลย,Loei,2018,8,638250.0,670441.0,8542.0,1799.0,17327.0,58.6839185436,11424.612,69.0,930.0,1.488,0.01302451234230099,32.36767682,1081.0,364.0,1719.0,1376.0,1568.0,3112.0,776.0,180.0,1906.0,4634.0,429.0,100.0,261.0,2127.0,269.0,2.0,7.0,3886.0,271.0,22987.0
แพร่,Phrae,2018,1,445766.0,452163.0,5240.0,1431.0,402.0,69.1528979148,6538.598,54.0,525.0,0.8400000000000001,0.012846790703450496,36.91843026,671.0,440.0,2737.0,1486.0,1542.0,2148.0,309.0,197.0,2101.0,3187.0,385.0,121.0,467.0,1322.0,193.0,0.0,6.0,3497.0,216.0,20354.0
แม่ฮ่องสอน,Mae Hong Son,2018,1,237436.0,287962.0,5223.0,,173.0,22.7076822577,12681.259,367.0,3730.13,5.968208000000001,0.04706321351846848,32.02677212,1335.0,103.0,783.0,82.0,857.0,968.0,210.0,104.0,1715.0,1695.0,101.0,42.0,199.0,1003.0,109.0,0.0,6.0,1732.0,115.0,9824.0
กระบี่,Krabi,2019,11,473187.0,505343.0,25765.0,1449.0,1390.0,107.325414059,4708.512,1.0,2.0,0.0032,6.796202282164728e-05,26.11945014,531.0,168.0,221.0,609.0,1166.0,1597.0,2195.0,0.0,1529.0,1810.0,285.0,265.0,282.0,720.0,70.0,0.0,6.0,2149.0,1231.0,14303.0
กรุงเทพมหานคร,Bangkok,2019,13,5563137.0,8069858.0,2270617.0,6546.0,126431.0,5144.17521866,1568.737,,,,,32.12019373,158.0,3002.0,1972.0,2001.0,2226.0,7602.0,9105.0,15.0,12083.0,10984.0,1110.0,1042.0,2127.0,4433.0,637.0,133.0,184.0,19838.0,5646.0,84140.0
กาญจนบุรี,Kanchanaburi,2019,5,819704.0,946483.0,36143.0,4958.0,9857.0,48.5795724592,19483.148,260.0,1683.45,2.6935200000000004,0.013824870600993229,34.82742006,1977.0,249.0,1898.0,1667.0,975.0,1710.0,2071.0,0.0,2228.0,1683.0,204.0,175.0,172.0,607.0,336.0,0.0,5.0,5322.0,1881.0,21183.0
กาฬสินธุ์,Kalasin,2019,7,983550.0,989565.0,3697.0,993.0,1457.0,142.450148602,6946.746,44.0,345.0,0.552,0.007946166449730565,35.86835625,711.0,323.0,1702.0,2128.0,1480.0,4283.0,6584.0,0.0,3177.0,5694.0,239.0,250.0,175.0,656.0,224.0,8.0,15.0,5914.0,2143.0,34995.0
กำแพงเพชร,Kamphaeng Phet,2019,3,725253.0,752987.0,15310.0,562.0,11248.0,87.4804385483,8607.49,80.0,1451.0,2.3216,0.026971858230448134,41.40973391,879.0,146.0,1799.0,1251.0,668.0,1714.0,2309.0,3.0,2634.0,1944.0,144.0,319.0,119.0,403.0,249.0,0.0,11.0,3897.0,1779.0,19389.0
ขอนแก่น,Khon Kaen,2019,7,1801144.0,1857009.0,51451.0,,2686.0,170.587041639,10885.991,101.0,976.0,1.5616,0.014345042173927942,35.80968542,1097.0,1170.0,4735.0,4108.0,2276.0,6745.0,8569.0,20.0,6674.0,10785.0,639.0,821.0,564.0,1969.0,485.0,16.0,51.0,9996.0,4503.0,64126.0
จันทบุรี,Chanthaburi,2019,6,533806.0,599544.0,57143.0,1080.0,3623.0,94.5951404228,6338.0,1.0,3.0,0.0048000000000000004,7.57336699274219e-05,29.61113309,650.0,320.0,1024.0,858.0,1060.0,1760.0,2231.0,0.0,1712.0,2157.0,291.0,384.0,186.0,731.0,415.0,9.0,3.0,3732.0,1810.0,18683.0
ฉะเชิงเทรา,Chachoengsao,2019,6,713754.0,818145.0,81591.0,2042.0,14399.0,152.895720426,5351.0,3.0,8.55,0.013680000000000001,0.0002556531489441226,31.97098528,527.0,432.0,4873.0,1385.0,1631.0,1836.0,2441.0,1.0,2138.0,1908.0,221.0,234.0,300.0,1048.0,196.0,3.0,10.0,4956.0,1618.0,25231.0
ชลบุรี,Chon Buri,2019,6,1526707.0,2096182.0,511112.0,,26769.0,480.445106578,4363.0,51.0,699.0,1.1184,0.0256337382534953,32.57980431,453.0,526.0,1608.0,3973.0,599.0,3015.0,4147.0,0.0,3054.0,4497.0,458.0,289.0,462.0,948.0,568.0,4.0,72.0,8589.0,3721.0,36530.0
ชัยนาท,Chai Nat,2019,3,327084.0,346809.0,13874.0,838.0,5486.0,140.422942278,2469.746,,,,,38.67604287,259.0,189.0,603.0,951.0,212.0,1139.0,1536.0,0.0,2214.0,2776.0,77.0,81.0,64.0,201.0,103.0,2.0,18.0,5794.0,854.0,16814.0
ชัยภูมิ,Chaiyaphum,2019,9,1137011.0,1153324.0,13701.0,667.0,1599.0,90.256542211,12778.287,103.0,10468.57,16.749712,0.1310794788065098,34.08989467,1302.0,372.0,3417.0,4787.0,1156.0,4128.0,5913.0,2.0,5106.0,5559.0,312.0,502.0,213.0,980.0,281.0,2.0,10.0,5906.0,2906.0,41552.0
ชุมพร,Chumphon,2019,11,506808.0,551758.0,39363.0,,1091.0,91.8089622551,6009.849,0.0,0.0,0.0,0.0,28.88693801,601.0,270.0,657.0,1140.0,684.0,1663.0,2121.0,6.0,1319.0,1898.0,254.0,119.0,207.0,605.0,119.0,1.0,4.0,2873.0,1147.0,15087.0
ตรัง,Trang,2019,12,641725.0,666982.0,21863.0,,1955.0,135.633843001,4917.519,13.0,146.2,0.23392,0.004756870283571858,25.90045521,474.0,201.0,601.0,848.0,1213.0,2161.0,2927.0,1.0,3034.0,3257.0,90.0,131.0,163.0,518.0,271.0,0.0,5.0,2676.0,1708.0,19805.0
ตราด,Trat,2019,6,220344.0,262469.0,31106.0,365.0,1040.0,93.107130188,2819.0,0.0,0.0,0.0,0.0,30.87515038,289.0,121.0,632.0,755.0,110.0,651.0,828.0,1.0,991.0,684.0,88.0,251.0,60.0,212.0,61.0,0.0,1.0,1339.0,725.0,7510.0
ตาก,Tak,2019,2,542141.0,714653.0,47581.0,421.0,1031.0,43.5587399012,16406.65,301.0,9724.25,15.558800000000002,0.09483227837492725,35.67981013,1781.0,182.0,1402.0,641.0,771.0,1749.0,2041.0,3.0,2296.0,2095.0,188.0,505.0,206.0,676.0,275.0,0.0,2.0,3105.0,1543.0,17680.0
นครนายก,Nakhon Nayok,2019,4,259134.0,284051.0,14448.0,,8852.0,133.8600377,2122.0,0.0,0.0,0.0,0.0,29.89425234,220.0,237.0,701.0,1109.0,211.0,861.0,948.0,0.0,752.0,741.0,93.0,81.0,78.0,175.0,71.0,2.0,3.0,987.0,559.0,7609.0
นครปฐม,Nakhon Pathom,2019,5,908676.0,1166106.0,216847.0,4949.0,24280.0,537.790656114,2168.327,,,,,34.07081058,222.0,573.0,550.0,1147.0,233.0,1718.0,2230.0,0.0,2538.0,2768.0,247.0,282.0,294.0,918.0,279.0,3.0,17.0,5416.0,1702.0,20915.0
นครพนม,Nakhon Phanom,2019,8,717326.0,731885.0,10720.0,708.0,1321.0,132.764207821,5512.668,49.0,432.0,0.6912,0.012538393387738933,34.31501102,579.0,324.0,1503.0,1040.0,510.0,3597.0,4316.0,1.0,1979.0,3009.0,207.0,222.0,406.0,1092.0,137.0,1.0,38.0,4293.0,1704.0,24379.0
นครราชสีมา,Nakhon Ratchasima,2019,9,2643204.0,2721334.0,70067.0,1357.0,983.0,132.787097703,20493.964,38.0,468.0,0.7488,0.00365375873598685,33.48325354,2118.0,1518.0,8349.0,5563.0,1252.0,8238.0,11020.0,7.0,10666.0,9268.0,920.0,566.0,541.0,1945.0,653.0,4.0,25.0,16458.0,6091.0,83084.0
นครศรีธรรมราช,Nakhon Si Thammarat,2019,11,1558159.0,1603740.0,30591.0,539.0,10683.0,161.301451083,9942.502,71.0,15423.0,24.6768,0.2481950720251301,27.02241836,984.0,711.0,1067.0,2288.0,2428.0,4658.0,6527.0,0.0,5580.0,7814.0,686.0,931.0,347.0,1530.0,325.0,2.0,21.0,10331.0,3111.0,48357.0
นครสวรรค์,Nakhon Sawan,2019,3,1059927.0,1090959.0,25763.0,,5309.0,113.669068046,9597.677,30.0,1488.0,2.3808000000000002,0.024806002535821953,37.92827534,973.0,416.0,1825.0,1123.0,434.0,3151.0,4588.0,0.0,5186.0,5717.0,218.0,146.0,278.0,774.0,404.0,1.0,21.0,8739.0,2641.0,35662.0
นนทบุรี,Nonthaburi,2019,4,1246008.0,1818846.0,351360.0,26355.0,175744.0,2922.7659195,622.303,,,,,31.09269154,63.0,996.0,735.0,842.0,1630.0,2880.0,3362.0,1.0,3636.0,4493.0,556.0,435.0,616.0,1704.0,254.0,23.0,37.0,9614.0,2110.0,33924.0
นราธิวาส,Narathiwat,2019,12,803955.0,811991.0,3134.0,477.0,360.0,181.433069001,4475.43,3.0,8.42,0.013472000000000001,0.0003010213543726525,26.13392356,445.0,89.0,194.0,791.0,1934.0,2422.0,3147.0,0.0,2121.0,2496.0,274.0,203.0,99.0,329.0,85.0,2.0,7.0,3736.0,1087.0,19016.0
น่าน,Nan,2019,1,476842.0,483510.0,3738.0,1063.0,482.0,42.1467020081,11472.072,230.0,3844.2,6.15072,0.05361472626740836,39.90656534,1270.0,213.0,1567.0,1635.0,156.0,1192.0,1582.0,0.0,2014.0,3280.0,254.0,258.0,209.0,1677.0,134.0,3.0,6.0,3495.0,1614.0,19289.0
บึงกาฬ,Bueng Kan,2019,8,423326.0,431463.0,4748.0,534.0,2090.0,100.22369338,4305.0,28.0,1100.0,1.76,0.04088269454123113,35.47018233,410.0,110.0,669.0,1630.0,568.0,1512.0,1975.0,0.0,1325.0,912.0,58.0,26.0,114.0,216.0,121.0,1.0,18.0,1765.0,892.0,11912.0
บุรีรัมย์,Buri Ram,2019,9,1593434.0,1612052.0,11572.0,667.0,4066.0,156.162933134,10322.885,41.0,286.0,0.4576,0.004432869299619244,32.88413512,1023.0,877.0,5704.0,4460.0,1103.0,6112.0,7879.0,4.0,6836.0,4871.0,330.0,639.0,283.0,1949.0,464.0,3.0,31.0,7501.0,4424.0,53470.0
ปทุมธานี,Pathum Thani,2019,4,1145680.0,1679817.0,369488.0,9047.0,137678.0,1100.90139568,1525.856,,,,,31.33010182,151.0,326.0,516.0,842.0,559.0,2738.0,3252.0,1.0,3223.0,2471.0,307.0,238.0,353.0,773.0,159.0,10.0,13.0,5436.0,1512.0,22729.0
ประจวบคีรีขันธ์,Prachuap Khiri Khan,2019,5,539422.0,597051.0,40821.0,431.0,1683.0,93.7636039839,6367.62,43.0,707.5,1.1320000000000001,0.017777442749410302,31.74974085,646.0,261.0,592.0,1062.0,607.0,1623.0,1892.0,67.0,1905.0,1570.0,270.0,222.0,233.0,736.0,150.0,3.0,6.0,2448.0,1370.0,15017.0
ปราจีนบุรี,Prachin Buri,2019,6,492268.0,584592.0,87490.0,879.0,1543.0,122.752533302,4762.362,14.0,530.0,0.8480000000000001,0.017806290240011156,31.37272542,509.0,445.0,705.0,1033.0,188.0,1574.0,1819.0,1.0,1304.0,1523.0,111.0,120.0,179.0,527.0,110.0,1.0,2.0,1758.0,1228.0,12628.0
ปัตตานี,Pattani,2019,12,719935.0,750692.0,19415.0,2456.0,3717.0,386.883644032,1940.356,1.0,0.34,0.0005440000000000001,2.803609234594065e-05,27.89044222,201.0,188.0,275.0,1294.0,3351.0,2642.0,3059.0,0.0,2110.0,3535.0,222.0,87.0,111.0,309.0,51.0,1.0,5.0,4337.0,1025.0,22602.0
พระนครศรีอยุธยา,Phra Nakhon Si Ayutthaya,2019,4,816709.0,942520.0,105640.0,1160.0,15532.0,368.655735653,2556.64,,,,,34.11021039,264.0,299.0,917.0,2324.0,1242.0,2184.0,3061.0,1.0,3369.0,2719.0,243.0,313.0,221.0,774.0,233.0,3.0,12.0,4651.0,1662.0,24228.0
พะเยา,Phayao,2019,1,471403.0,481228.0,5095.0,213.0,3564.0,75.9626586015,6335.06,203.0,3241.0,5.1856,0.08185557832127871,44.16806323,646.0,228.0,1579.0,1510.0,339.0,1603.0,2099.0,2.0,3199.0,2385.0,176.0,468.0,272.0,543.0,181.0,1.0,15.0,5833.0,1478.0,21911.0
พังงา,Phangnga,2019,11,264433.0,293297.0,22887.0,42.0,1580.0,70.3199193458,4170.895,1.0,800.0,1.28,0.030688856947969197,26.89388406,454.0,245.0,319.0,526.0,581.0,1073.0,1307.0,1.0,1404.0,1313.0,236.0,511.0,95.0,453.0,56.0,6.0,1.0,1991.0,723.0,10841.0
พัทลุง,Phatthalung,2019,12,524614.0,538197.0,6444.0,2519.0,4369.0,157.161992517,3424.473,11.0,1378.0,2.2048,0.06438362924747837,26.5160742,384.0,217.0,485.0,795.0,1052.0,1599.0,2346.0,0.0,2515.0,3445.0,78.0,102.0,89.0,295.0,129.0,0.0,13.0,4215.0,1143.0,18518.0
พิจิตร,Phichit,2019,3,537221.0,547881.0,7184.0,289.0,4097.0,120.917993394,4531.013,,,,,37.47778601,446.0,207.0,756.0,547.0,254.0,1573.0,2238.0,2.0,2146.0,1921.0,108.0,368.0,109.0,398.0,112.0,1.0,3.0,3851.0,1091.0,15685.0
พิษณุโลก,Phitsanulok,2019,2,864488.0,907311.0,36338.0,1580.0,4146.0,83.8871345712,10815.854,182.0,2505.5,4.0088,0.03706410977810906,37.41366021,1086.0,706.0,1766.0,2007.0,1381.0,2225.0,2728.0,26.0,4057.0,2966.0,470.0,651.0,342.0,1419.0,255.0,1.0,2.0,6775.0,2213.0,29990.0
ภูเก็ต,Phuket,2019,11,402111.0,570785.0,147839.0,,6364.0,1051.10361414,543.034,1.0,66.89,0.10702400000000001,0.01970852653793317,30.57636818,52.0,269.0,352.0,233.0,1331.0,839.0,1217.0,0.0,1150.0,1336.0,180.0,202.0,584.0,923.0,121.0,4.0,7.0,3060.0,1044.0,12852.0
มหาสารคาม,Maha Sarakham,2019,7,962210.0,978022.0,7381.0,70.0,7906.0,184.822484642,5291.683,0.0,0.0,0.0,0.0,33.50648249,571.0,521.0,4476.0,2499.0,788.0,3119.0,4453.0,2.0,3446.0,3212.0,257.0,168.0,204.0,620.0,121.0,6.0,15.0,4168.0,2329.0,30404.0
มุกดาหาร,Mukdahan,2019,8,350094.0,360411.0,3935.0,1056.0,2246.0,83.0472622199,4339.83,5.0,43.04,0.06886400000000001,0.0015867902659781605,33.87399287,417.0,61.0,696.0,1693.0,503.0,1785.0,2413.0,0.0,1741.0,1193.0,71.0,320.0,124.0,406.0,35.0,1.0,7.0,1603.0,850.0,13502.0
ยะลา,Yala,2019,12,532812.0,549789.0,12486.0,156.0,817.0,121.605732084,4521.078,0.0,0.0,0.0,0.0,25.80814446,446.0,59.0,96.0,572.0,1566.0,1294.0,1519.0,0.0,1592.0,1253.0,137.0,55.0,39.0,106.0,33.0,0.0,1.0,2478.0,573.0,11373.0
ยโสธร,Yasothon,2019,10,537690.0,543027.0,2634.0,,3094.0,130.483143281,4161.664,0.0,0.0,0.0,0.0,33.14852534,422.0,83.0,1794.0,1347.0,820.0,2549.0,3214.0,0.0,2295.0,2034.0,155.0,54.0,100.0,540.0,61.0,0.0,6.0,1927.0,1311.0,18290.0
ระนอง,Ranong,2019,11,177806.0,243923.0,49361.0,351.0,841.0,73.9598762297,3298.045,1.0,70.0,0.112,0.0033959512377787445,27.99252974,324.0,85.0,143.0,224.0,274.0,587.0,775.0,0.0,896.0,834.0,81.0,13.0,167.0,348.0,72.0,1.0,1.0,1400.0,502.0,6403.0
ระยอง,Rayong,2019,6,721929.0,974758.0,233613.0,573.0,5819.0,274.425112613,3552.0,2.0,25.0,0.04,0.0011261261261261261,30.98595291,373.0,369.0,726.0,1112.0,302.0,1553.0,2342.0,13.0,2134.0,4803.0,155.0,137.0,175.0,577.0,367.0,11.0,7.0,3670.0,2170.0,20623.0
ราชบุรี,Ratchaburi,2019,5,847599.0,965012.0,77901.0,2393.0,11617.0,185.70558199,5196.462,90.0,786.0,1.2576,0.02420108142809473,34.15510481,527.0,343.0,1060.0,2216.0,376.0,2132.0,2989.0,1.0,2570.0,2636.0,271.0,603.0,427.0,1350.0,250.0,7.0,43.0,5246.0,2216.0,24736.0
ร้อยเอ็ด,Roi Et,2019,7,1305100.0,1318830.0,12639.0,,980.0,158.905729766,8299.449,38.0,490.88,0.785408,0.009463375219246482,33.03207598,801.0,304.0,4492.0,2810.0,1458.0,5741.0,7155.0,3.0,3639.0,4695.0,338.0,343.0,307.0,1213.0,206.0,6.0,12.0,5261.0,2735.0,40718.0
ลพบุรี,Lop Buri,2019,4,755762.0,789757.0,24353.0,,9848.0,127.385236154,6199.753,0.0,0.0,0.0,0.0,34.77425745,663.0,580.0,992.0,1906.0,570.0,2138.0,2626.0,4.0,3425.0,3029.0,270.0,453.0,240.0,1047.0,237.0,1.0,40.0,5032.0,1619.0,24209.0
ลำปาง,Lampang,2019,1,737925.0,748494.0,8047.0,,2131.0,59.717275329,12533.961,361.0,6575.0,10.520000000000001,0.0839319669177206,39.72027413,1301.0,583.0,1977.0,2027.0,402.0,2290.0,3176.0,2.0,3548.0,5025.0,596.0,1207.0,388.0,2166.0,169.0,5.0,3.0,4922.0,2411.0,30897.0
ลำพูน,Lamphun,2019,1,402764.0,433435.0,19122.0,2932.0,6306.0,96.1931537488,4505.882,368.0,13070.0,20.912000000000003,0.46410447499512875,36.19110163,465.0,506.0,1670.0,1913.0,370.0,1482.0,1774.0,0.0,3853.0,2486.0,266.0,1135.0,175.0,941.0,189.0,1.0,4.0,3896.0,1595.0,22256.0
ศรีสะเกษ,Si Sa Ket,2019,10,1471783.0,1478903.0,6044.0,,,167.297173657,8839.976,8.0,118.23,0.189168,0.0021399153119872724,32.77838206,900.0,700.0,6236.0,4729.0,978.0,6313.0,9613.0,47.0,7785.0,9937.0,646.0,250.0,306.0,1274.0,584.0,0.0,25.0,5990.0,3842.0,59255.0
สกลนคร,Sakon Nakhon,2019,8,1151847.0,1155389.0,1999.0,,,120.280802235,9605.764,167.0,832.25,1.3316000000000001,0.013862510051256726,34.19208658,990.0,385.0,3039.0,2067.0,851.0,4754.0,5814.0,2.0,4904.0,3058.0,482.0,234.0,275.0,638.0,198.0,1.0,282.0,5903.0,2650.0,35537.0
สงขลา,Songkhla,2019,12,1424136.0,1517725.0,74994.0,737.0,6026.0,190.336741371,7973.894,2.0,30.0,0.048,0.0006019643601984175,29.7514335,770.0,756.0,991.0,2100.0,7025.0,3388.0,4891.0,4.0,5163.0,6459.0,399.0,1008.0,359.0,2075.0,325.0,3.0,9.0,9871.0,2530.0,47356.0
สตูล,Satun,2019,12,322068.0,333389.0,8630.0,111.0,1062.0,134.486524078,2478.977,0.0,0.0,0.0,0.0,27.35614621,306.0,81.0,121.0,170.0,1040.0,1050.0,1386.0,1.0,1249.0,1861.0,58.0,197.0,52.0,279.0,67.0,1.0,3.0,2423.0,731.0,10770.0
สมุทรปราการ,Samut Prakan,2019,6,1316944.0,2081630.0,602949.0,31972.0,101834.0,2073.14668377,1004.092,,,,,36.62869655,99.0,444.0,943.0,1637.0,731.0,2666.0,3278.0,3.0,4227.0,4170.0,1062.0,1130.0,2455.0,4107.0,209.0,22.0,124.0,8138.0,2509.0,37855.0
สมุทรสงคราม,Samut Songkhram,2019,5,191745.0,214717.0,14301.0,967.0,6144.0,515.270921775,416.707,,,,,33.09568804,43.0,76.0,57.0,75.0,121.0,397.0,483.0,0.0,389.0,446.0,28.0,23.0,82.0,179.0,51.0,0.0,7.0,731.0,349.0,3494.0
สมุทรสาคร,Samut Sakhon,2019,5,546656.0,1030825.0,404660.0,21325.0,20137.0,1181.66853328,872.347,,,,,34.50507202,88.0,326.0,397.0,230.0,154.0,848.0,1145.0,0.0,1618.0,1306.0,227.0,493.0,299.0,1018.0,100.0,1.0,32.0,2117.0,800.0,11111.0
สระบุรี,Saraburi,2019,4,639063.0,746522.0,85601.0,2957.0,12053.0,208.730580799,3576.486,21.0,127.0,0.20320000000000002,0.005681554464354118,33.7919301,353.0,417.0,1092.0,756.0,625.0,2375.0,2674.0,0.0,2668.0,2441.0,248.0,714.0,283.0,1244.0,152.0,2.0,1.0,5726.0,1749.0,23167.0
สระแก้ว,Sa Kaeo,2019,6,561527.0,606376.0,30638.0,,9435.0,84.2723081687,7195.436,10.0,150.0,0.24000000000000002,0.0033354476365296004,32.54290576,691.0,148.0,1185.0,1411.0,395.0,1875.0,2345.0,0.0,1543.0,2545.0,261.0,168.0,178.0,398.0,234.0,2.0,7.0,3670.0,1151.0,17516.0
สิงห์บุรี,Sing Buri,2019,4,208617.0,225091.0,9717.0,1291.0,5637.0,273.674189462,822.478,,,,,36.27357858,82.0,377.0,343.0,674.0,120.0,714.0,941.0,0.0,1437.0,1362.0,72.0,56.0,59.0,280.0,70.0,1.0,1.0,2464.0,498.0,9469.0
สุพรรณบุรี,Suphan Buri,2019,5,845012.0,869900.0,17470.0,410.0,5686.0,162.355114065,5358.008,36.0,354.0,0.5664,0.010571092838980457,37.55835151,552.0,451.0,1089.0,2226.0,458.0,2167.0,2674.0,1.0,3322.0,2713.0,272.0,220.0,220.0,745.0,298.0,18.0,11.0,6287.0,2327.0,25499.0
สุราษฎร์ธานี,Surat Thani,2019,11,1058438.0,1160768.0,87463.0,436.0,4859.0,90.041561594,12891.469,0.0,0.0,0.0,0.0,27.56385948,1313.0,630.0,1443.0,2458.0,2531.0,3579.0,4557.0,5.0,4233.0,6009.0,775.0,914.0,544.0,1960.0,394.0,3.0,11.0,7834.0,2945.0,40825.0
สุรินทร์,Surin,2019,9,1395999.0,1422658.0,18639.0,1042.0,6146.0,175.116715099,8124.056,4.0,35.78,0.05724800000000001,0.0007046726413505768,32.31433516,904.0,559.0,4235.0,3428.0,330.0,4958.0,6487.0,1.0,4052.0,4998.0,285.0,474.0,187.0,1226.0,389.0,2.0,11.0,6494.0,3050.0,41166.0
สุโขทัย,Sukhothai,2019,2,595494.0,615411.0,11282.0,1063.0,7994.0,93.2993354247,6596.092,52.0,2112.0,3.3792,0.05123033456780167,40.07229961,692.0,344.0,1164.0,1798.0,187.0,1794.0,2216.0,3.0,2971.0,1795.0,226.0,202.0,126.0,238.0,177.0,1.0,6.0,3466.0,1411.0,18125.0
หนองคาย,Nong Khai,2019,8,517462.0,532522.0,8008.0,1443.0,760.0,175.907745567,3027.28,30.0,737.0,1.1792,0.038952458973071535,35.63332602,344.0,119.0,781.0,1594.0,313.0,1793.0,2274.0,1.0,2047.0,1164.0,80.0,114.0,162.0,263.0,80.0,1.0,3.0,2311.0,1162.0,14262.0
หนองบัวลำภู,Nong Bua Lam Phu,2019,8,511929.0,534789.0,16127.0,1450.0,4432.0,138.579186885,3859.086,28.0,312.0,0.49920000000000003,0.012935705501250817,35.92895599,425.0,134.0,1129.0,815.0,462.0,2099.0,2484.0,0.0,3013.0,1509.0,138.0,48.0,72.0,182.0,125.0,4.0,4.0,2709.0,1151.0,16078.0
อำนาจเจริญ,Amnat Charoen,2019,10,377738.0,384435.0,5068.0,,929.0,121.608617862,3161.248,0.0,0.0,0.0,0.0,32.83640334,335.0,99.0,1067.0,1377.0,361.0,1701.0,2157.0,0.0,1932.0,2080.0,119.0,130.0,62.0,337.0,56.0,0.0,10.0,2479.0,957.0,14924.0
อุดรธานี,Udon Thani,2019,8,1579461.0,1598567.0,8755.0,,3166.0,136.27671308,11730.302,161.0,3604.0,5.7664,0.049158154666435694,35.56060582,1136.0,614.0,2769.0,3284.0,1840.0,5457.0,6476.0,3.0,4702.0,4911.0,252.0,223.0,335.0,574.0,240.0,5.0,9.0,6121.0,3626.0,41441.0
อุตรดิตถ์,Uttaradit,2019,2,453187.0,463803.0,9085.0,376.0,1239.0,59.1691722187,7838.592,57.0,607.3,0.97168,0.01239610379006842,37.60889099,814.0,86.0,560.0,767.0,572.0,788.0,1039.0,0.0,1474.0,754.0,65.0,291.0,62.0,397.0,78.0,0.0,2.0,2120.0,693.0,9748.0
อุทัยธานี,Uthai Thani,2019,3,328530.0,341119.0,9733.0,358.0,2410.0,50.6844772093,6730.246,89.0,2362.0,3.7792000000000003,0.056152479419028664,38.66692935,675.0,195.0,1060.0,478.0,896.0,795.0,1328.0,0.0,1717.0,1516.0,115.0,44.0,51.0,197.0,144.0,1.0,8.0,4018.0,903.0,13466.0
อุบลราชธานี,Ubon Ratchathani,2019,10,1868764.0,1906469.0,26293.0,222.0,1808.0,120.861480918,15774.0,17.0,95.55,0.15288000000000002,0.0009691898060098898,34.18464467,1589.0,698.0,7480.0,8674.0,2607.0,7661.0,9909.0,40.0,10761.0,12236.0,857.0,417.0,452.0,1349.0,275.0,4.0,61.0,11244.0,5920.0,80645.0
อ่างทอง,Ang Thong,2019,4,279838.0,320017.0,17015.0,1350.0,21998.0,330.469075934,968.372,,,,,36.15059475,99.0,241.0,375.0,844.0,578.0,912.0,1091.0,0.0,1827.0,1233.0,117.0,104.0,260.0,340.0,89.0,0.0,1.0,2949.0,591.0,11552.0
เชียงราย,Chiang Rai,2019,1,1173267.0,1308725.0,6729.0,2775.0,917.0,112.064021954,11678.369,347.0,7775.94,12.441504,0.1065346025630805,44.52548515,1214.0,440.0,3164.0,2030.0,2932.0,3636.0,4413.0,4.0,5790.0,4403.0,242.0,294.0,425.0,912.0,363.0,2.0,10.0,7365.0,3199.0,39624.0
เชียงใหม่,Chiang Mai,2019,1,1628164.0,1894062.0,105461.0,4101.0,5246.0,94.1988675916,20107.057,2536.0,36744.9,58.79184000000001,0.29239405846415023,36.70001716,2305.0,1187.0,5927.0,4509.0,4918.0,4980.0,6209.0,10.0,9899.0,8871.0,809.0,2109.0,1204.0,4464.0,554.0,30.0,33.0,13816.0,5171.0,74700.0
เพชรบุรี,Phetchaburi,2019,5,480603.0,522228.0,26004.0,996.0,10037.0,83.8901884585,6225.138,89.0,2898.0,4.6368,0.07448509575209417,32.78461601,625.0,171.0,378.0,1290.0,191.0,1352.0,1564.0,5.0,2007.0,1287.0,152.0,223.0,177.0,816.0,165.0,0.0,6.0,2786.0,1098.0,13668.0
เพชรบูรณ์,Phetchabun,2019,2,991549.0,1023521.0,16147.0,2891.0,12032.0,80.793131517,12668.416,80.0,809.7,1.2955200000000002,0.010226377157175769,33.63033027,1271.0,245.0,2001.0,2133.0,640.0,3231.0,4270.0,1.0,3886.0,2695.0,506.0,775.0,240.0,756.0,297.0,1.0,22.0,5717.0,2239.0,29655.0
เลย,Loei,2019,8,638879.0,661297.0,6740.0,1532.0,10075.0,57.8835412529,11424.612,185.0,3063.0,4.9008,0.042896861617707456,34.43871184,1081.0,276.0,1555.0,1695.0,342.0,2338.0,3026.0,1.0,2899.0,5173.0,218.0,381.0,148.0,516.0,272.0,6.0,15.0,4424.0,1761.0,25046.0
แพร่,Phrae,2019,1,442813.0,449802.0,6273.0,1394.0,409.0,68.7918113333,6538.598,135.0,2446.0,3.9136,0.05985380963931412,39.24775324,671.0,139.0,1193.0,1556.0,228.0,1326.0,1577.0,0.0,1902.0,2096.0,67.0,185.0,138.0,222.0,144.0,1.0,7.0,2639.0,799.0,14219.0
แม่ฮ่องสอน,Mae Hong Son,2019,1,240220.0,289953.0,5498.0,154.0,163.0,22.8646855963,12681.259,500.0,7711.8,12.338880000000001,0.09730011822958588,36.23115307,1335.0,56.0,655.0,109.0,345.0,686.0,858.0,0.0,1778.0,1527.0,95.0,119.0,102.0,263.0,82.0,3.0,1.0,1901.0,783.0,9363.0
กระบี่,Krabi,2020,11,475140.0,506839.0,27001.0,186.0,1882.0,107.643136515,4708.512,3.0,22.0,0.0352,0.00074758225103812,26.09799746,531.0,110.0,119.0,348.0,445.0,1452.0,615.0,156.0,1579.0,1405.0,267.0,218.0,280.0,706.0,93.0,0.0,0.0,915.0,962.0,9670.0
กรุงเทพมหานคร,Bangkok,2020,13,5522253.0,8488763.0,2349933.0,115559.0,435049.0,5411.20850723,1568.737,,,,,36.52235487,158.0,1018.0,365.0,359.0,468.0,1967.0,412.0,437.0,12215.0,2686.0,1134.0,508.0,1195.0,2351.0,665.0,28.0,48.0,3600.0,1884.0,31340.0
กาญจนบุรี,Kanchanaburi,2020,5,817994.0,938448.0,41891.0,1095.0,3486.0,48.1671647723,19483.148,286.0,2306.0,3.6896,0.018937391431815845,42.51551665,1977.0,92.0,1680.0,393.0,7400.0,687.0,162.0,18.0,2513.0,545.0,64.0,53.0,59.0,212.0,431.0,0.0,1.0,2132.0,680.0,17122.0
กาฬสินธุ์,Kalasin,2020,7,979425.0,985350.0,4927.0,310.0,2938.0,141.843389696,6946.746,33.0,276.0,0.44160000000000005,0.006356933159784452,38.55937476,711.0,318.0,1043.0,1794.0,889.0,3851.0,2428.0,169.0,3349.0,4199.0,215.0,197.0,120.0,437.0,157.0,3.0,8.0,3461.0,1464.0,24102.0
กำแพงเพชร,Kamphaeng Phet,2020,3,718427.0,737373.0,14919.0,281.0,8055.0,85.6664370217,8607.49,105.0,1631.0,2.6096,0.030317781374128813,49.95526645,879.0,165.0,1059.0,645.0,2383.0,1068.0,438.0,69.0,2603.0,1579.0,102.0,230.0,58.0,332.0,277.0,0.0,1.0,3602.0,1200.0,15811.0
ขอนแก่น,Khon Kaen,2020,7,1795275.0,1849896.0,46793.0,2050.0,6522.0,169.933633052,10885.991,106.0,1024.5,1.6392,0.015057884945890549,35.32349664,1097.0,1206.0,4358.0,2974.0,4334.0,5726.0,2190.0,478.0,7404.0,9760.0,591.0,396.0,388.0,1046.0,512.0,7.0,35.0,6460.0,2560.0,50425.0
จันทบุรี,Chanthaburi,2020,6,533124.0,602901.0,62907.0,3258.0,1177.0,95.1248027769,6338.0,9.0,843.0,1.3488,0.021281161249605555,33.61066458,650.0,292.0,481.0,308.0,998.0,1295.0,332.0,297.0,1939.0,1346.0,200.0,198.0,131.0,447.0,426.0,3.0,0.0,2225.0,1122.0,12040.0
ฉะเชิงเทรา,Chachoengsao,2020,6,716498.0,803672.0,71283.0,3065.0,8606.0,150.190992338,5351.0,2.0,8.0,0.0128,0.0002392076247430387,33.8790741,527.0,124.0,1107.0,504.0,983.0,657.0,284.0,25.0,2457.0,556.0,64.0,75.0,39.0,170.0,133.0,0.0,1.0,1328.0,584.0,9091.0
ชลบุรี,Chon Buri,2020,6,1541622.0,1997088.0,414103.0,5044.0,11056.0,457.732752693,4363.0,63.0,540.0,0.864,0.019802887921155168,36.23205191,453.0,983.0,666.0,1382.0,1631.0,1643.0,715.0,174.0,3552.0,2755.0,250.0,95.0,195.0,450.0,553.0,0.0,12.0,4564.0,2006.0,21626.0
ชัยนาท,Chai Nat,2020,3,324195.0,338385.0,13370.0,318.0,2220.0,137.012065208,2469.746,,,,,41.78136527,259.0,222.0,295.0,380.0,2147.0,800.0,194.0,42.0,2626.0,1601.0,51.0,10.0,17.0,60.0,113.0,0.0,2.0,2830.0,404.0,11794.0
ชัยภูมิ,Chaiyaphum,2020,9,1130032.0,1138957.0,8693.0,,5340.0,89.1322131049,12778.287,140.0,3167.0,5.067200000000001,0.03965476749739617,35.69120445,1302.0,393.0,6355.0,925.0,16569.0,2524.0,1110.0,168.0,5457.0,2262.0,274.0,69.0,96.0,359.0,315.0,2.0,2.0,2132.0,927.0,39939.0
ชุมพร,Chumphon,2020,11,506071.0,558209.0,48089.0,274.0,638.0,92.882366928,6009.849,1.0,9.0,0.014400000000000001,0.0002396066856255457,30.21092614,601.0,155.0,258.0,612.0,552.0,1066.0,368.0,141.0,1468.0,1337.0,202.0,75.0,166.0,601.0,92.0,0.0,1.0,1446.0,847.0,9387.0
ตรัง,Trang,2020,12,640451.0,660645.0,18413.0,544.0,1114.0,134.345185041,4917.519,4.0,20.0,0.032,0.0006507346489154389,26.72845128,474.0,21.0,21.0,49.0,298.0,416.0,90.0,8.0,3364.0,385.0,12.0,10.0,9.0,36.0,266.0,0.0,0.0,512.0,142.0,5639.0
ตราด,Trat,2020,6,219819.0,262140.0,32076.0,,1528.0,92.9904221355,2819.0,7.0,343.0,0.5488000000000001,0.01946789641716921,36.58432145,289.0,138.0,541.0,597.0,429.0,680.0,217.0,74.0,1259.0,579.0,120.0,208.0,51.0,250.0,88.0,0.0,0.0,1130.0,648.0,7009.0
ตาก,Tak,2020,2,543387.0,730950.0,59456.0,,1229.0,44.5520566356,16406.65,420.0,11670.0,18.672,0.11380751097877995,42.88523192,1781.0,318.0,1634.0,634.0,1507.0,1845.0,498.0,82.0,2509.0,2146.0,197.0,545.0,195.0,730.0,286.0,1.0,0.0,1897.0,1745.0,16769.0
นครนายก,Nakhon Nayok,2020,4,259034.0,286973.0,18201.0,4674.0,4017.0,135.237040528,2122.0,9.0,472.0,0.7552,0.035589066918001885,33.63342126,220.0,75.0,88.0,169.0,396.0,314.0,44.0,23.0,732.0,332.0,49.0,39.0,47.0,145.0,53.0,0.0,2.0,318.0,164.0,2990.0
นครปฐม,Nakhon Pathom,2020,5,910205.0,1169738.0,214086.0,14286.0,20637.0,539.465680223,2168.327,,,,,36.78993827,222.0,480.0,316.0,435.0,797.0,1453.0,499.0,230.0,2916.0,1710.0,272.0,176.0,220.0,814.0,311.0,2.0,13.0,3428.0,1243.0,15315.0
นครพนม,Nakhon Phanom,2020,8,716529.0,736216.0,17185.0,440.0,1390.0,133.549852812,5512.668,54.0,941.3,1.50608,0.027320346518237632,37.49337242,579.0,94.0,271.0,222.0,104.0,1485.0,297.0,63.0,2373.0,3221.0,66.0,32.0,48.0,112.0,163.0,0.0,7.0,942.0,413.0,9913.0
นครราชสีมา,Nakhon Ratchasima,2020,9,2636473.0,2704028.0,59418.0,890.0,10513.0,131.942653944,20493.964,33.0,3008.0,4.8128,0.023483987773180438,34.56398755,2118.0,1549.0,11229.0,2496.0,13608.0,7219.0,2560.0,749.0,11001.0,8874.0,815.0,261.0,343.0,1067.0,628.0,1.0,8.0,12271.0,3722.0,78401.0
นครศรีธรรมราช,Nakhon Si Thammarat,2020,11,1553351.0,1602176.0,40930.0,4044.0,6481.0,161.144146614,9942.502,8.0,217.0,0.3472,0.0034920787544221762,25.36958877,984.0,314.0,495.0,1630.0,1898.0,2687.0,890.0,110.0,5529.0,4206.0,194.0,375.0,168.0,730.0,399.0,1.0,2.0,5631.0,1474.0,26733.0
นครสวรรค์,Nakhon Sawan,2020,3,1048112.0,1068405.0,22080.0,1591.0,4426.0,111.319124409,9597.677,41.0,1304.0,2.0864000000000003,0.021738593620102033,43.62141488,973.0,354.0,903.0,610.0,851.0,2086.0,724.0,111.0,5407.0,2731.0,150.0,48.0,44.0,129.0,376.0,1.0,3.0,4053.0,1078.0,19659.0
นนทบุรี,Nonthaburi,2020,4,1261099.0,1684158.0,363807.0,11955.0,31651.0,2706.33116022,622.303,,,,,35.28205541,63.0,630.0,468.0,429.0,787.0,1636.0,348.0,339.0,3917.0,2555.0,512.0,303.0,395.0,1162.0,343.0,7.0,12.0,4403.0,1410.0,19656.0
นราธิวาส,Narathiwat,2020,12,804964.0,811384.0,6955.0,,,181.297439576,4475.43,0.0,0.0,0.0,0.0,26.36645288,445.0,106.0,140.0,529.0,13803.0,2674.0,1010.0,128.0,2268.0,2142.0,206.0,262.0,97.0,302.0,79.0,0.0,2.0,2665.0,1118.0,27531.0
น่าน,Nan,2020,1,475697.0,479975.0,1944.0,206.0,1098.0,41.83856238,11472.072,234.0,4471.0,7.1536,0.062356651875964515,43.66109173,1270.0,289.0,2315.0,1328.0,2095.0,1221.0,440.0,298.0,2181.0,2971.0,326.0,113.0,214.0,1654.0,144.0,1.0,2.0,2486.0,1403.0,19481.0
บึงกาฬ,Bueng Kan,2020,8,422321.0,426764.0,4293.0,429.0,,99.1321718931,4305.0,2.0,80.0,0.128,0.0029732868757259,39.46994698,410.0,30.0,232.0,358.0,260.0,633.0,158.0,22.0,1319.0,206.0,28.0,7.0,24.0,35.0,99.0,0.0,7.0,330.0,239.0,3987.0
บุรีรัมย์,Buri Ram,2020,9,1586510.0,1610127.0,14180.0,7852.0,6911.0,155.976454257,10322.885,16.0,105.0,0.168,0.001627452015594478,36.55133061,1023.0,422.0,3193.0,2409.0,6797.0,5132.0,1824.0,225.0,6704.0,2835.0,170.0,76.0,80.0,455.0,484.0,2.0,3.0,4500.0,2511.0,37822.0
ปทุมธานี,Pathum Thani,2020,4,1160624.0,1648569.0,421629.0,8250.0,42278.0,1080.42239897,1525.856,,,,,35.28441393,151.0,179.0,215.0,493.0,423.0,1439.0,409.0,84.0,3060.0,1603.0,213.0,139.0,224.0,440.0,179.0,4.0,3.0,3123.0,783.0,13013.0
ประจวบคีรีขันธ์,Prachuap Khiri Khan,2020,5,540152.0,607462.0,50071.0,2844.0,3869.0,95.3985947654,6367.62,64.0,3216.0,5.1456,0.08080884223618873,36.12693516,646.0,315.0,437.0,912.0,562.0,1601.0,301.0,191.0,2131.0,1636.0,318.0,199.0,216.0,742.0,179.0,2.0,1.0,1718.0,1233.0,12694.0
ปราจีนบุรี,Prachin Buri,2020,6,493241.0,543915.0,36196.0,1100.0,12949.0,114.211183442,4762.362,31.0,4432.0,7.091200000000001,0.14890090253533858,33.03758303,509.0,138.0,404.0,745.0,102.0,940.0,225.0,36.0,1057.0,1268.0,77.0,43.0,63.0,244.0,143.0,0.0,1.0,1069.0,711.0,7266.0
ปัตตานี,Pattani,2020,12,723933.0,738467.0,11529.0,105.0,818.0,380.583253795,1940.356,0.0,0.0,0.0,0.0,26.77300694,201.0,114.0,105.0,255.0,3016.0,1378.0,224.0,115.0,2301.0,1604.0,95.0,66.0,61.0,156.0,66.0,0.0,0.0,1148.0,455.0,11159.0
พระนครศรีอยุธยา,Phra Nakhon Si Ayutthaya,2020,4,817527.0,958538.0,82227.0,3242.0,53981.0,374.920990049,2556.64,,,,,37.02487297,264.0,78.0,375.0,597.0,680.0,720.0,207.0,44.0,3332.0,878.0,52.0,57.0,60.0,134.0,240.0,2.0,0.0,1841.0,419.0,9716.0
พะเยา,Phayao,2020,1,467411.0,473397.0,4433.0,219.0,1389.0,74.7265219272,6335.06,200.0,4571.0,7.3136,0.11544642039696545,46.60977399,646.0,152.0,1634.0,987.0,7990.0,1107.0,403.0,94.0,3414.0,1502.0,127.0,191.0,200.0,285.0,247.0,1.0,3.0,2526.0,697.0,21560.0
พังงา,Phangnga,2020,11,264411.0,290106.0,18857.0,946.0,2074.0,69.5548557324,4170.895,0.0,0.0,0.0,0.0,28.06092237,454.0,42.0,159.0,333.0,264.0,650.0,159.0,36.0,1627.0,548.0,25.0,13.0,12.0,35.0,87.0,0.0,0.0,626.0,259.0,4875.0
พัทลุง,Phatthalung,2020,12,523634.0,536500.0,9434.0,1016.0,2973.0,156.666441815,3424.473,0.0,0.0,0.0,0.0,22.40872131,384.0,241.0,311.0,465.0,614.0,1370.0,595.0,411.0,2718.0,3057.0,71.0,90.0,80.0,301.0,115.0,1.0,1.0,3114.0,939.0,14494.0
พิจิตร,Phichit,2020,3,533688.0,548775.0,11800.0,1921.0,2744.0,121.115300265,4531.013,,,,,46.29494686,446.0,409.0,468.0,168.0,183.0,1244.0,420.0,74.0,2365.0,1278.0,126.0,201.0,50.0,190.0,128.0,0.0,2.0,3765.0,700.0,11771.0
พิษณุโลก,Phitsanulok,2020,2,855756.0,896688.0,40125.0,966.0,6116.0,82.9049652482,10815.854,174.0,3049.0,4.8784,0.045104159135284184,45.44513622,1086.0,103.0,1327.0,306.0,4619.0,746.0,182.0,14.0,4233.0,706.0,78.0,32.0,28.0,51.0,285.0,0.0,1.0,1773.0,456.0,14940.0
ภูเก็ต,Phuket,2020,11,404108.0,547616.0,130682.0,159.0,2304.0,1008.4377773799999,543.034,3.0,101.11,0.161776,0.029791136466593253,30.47643564,52.0,216.0,162.0,126.0,347.0,616.0,228.0,114.0,1336.0,869.0,140.0,120.0,300.0,638.0,82.0,2.0,2.0,967.0,719.0,6984.0
มหาสารคาม,Maha Sarakham,2020,7,957462.0,969044.0,11790.0,2513.0,1081.0,183.125859958,5291.683,0.0,0.0,0.0,0.0,34.0322269,571.0,619.0,23338.0,1911.0,22773.0,2857.0,1770.0,272.0,3419.0,2653.0,279.0,140.0,205.0,572.0,131.0,12.0,11.0,2498.0,2085.0,65545.0
มุกดาหาร,Mukdahan,2020,8,349210.0,357284.0,4528.0,309.0,1536.0,82.3267270838,4339.83,120.0,1034.96,1.655936,0.03815670199063097,37.92746687,417.0,64.0,267.0,611.0,216.0,979.0,540.0,13.0,2863.0,1571.0,67.0,100.0,51.0,218.0,59.0,0.0,5.0,563.0,285.0,8472.0
ยะลา,Yala,2020,12,535953.0,559409.0,13741.0,3686.0,3380.0,123.733543195,4521.078,0.0,0.0,0.0,0.0,26.84334504,446.0,23.0,15.0,31.0,153.0,300.0,66.0,26.0,1864.0,731.0,19.0,10.0,12.0,14.0,61.0,0.0,0.0,658.0,112.0,4095.0
ยโสธร,Yasothon,2020,10,535561.0,547324.0,4813.0,6117.0,1894.0,131.515662966,4161.664,0.0,0.0,0.0,0.0,37.11775852,422.0,111.0,653.0,345.0,1145.0,1898.0,712.0,89.0,2190.0,1452.0,140.0,41.0,117.0,384.0,76.0,0.0,4.0,1098.0,454.0,10909.0
ระนอง,Ranong,2020,11,178715.0,241342.0,46786.0,105.0,79.0,73.1772913954,3298.045,4.0,40.2,0.06432,0.001950246282267222,28.94100789,324.0,68.0,125.0,214.0,148.0,423.0,147.0,44.0,946.0,514.0,47.0,5.0,54.0,143.0,70.0,0.0,0.0,1064.0,365.0,4377.0
ระยอง,Rayong,2020,6,730762.0,1001075.0,243168.0,1185.0,15198.0,281.834177928,3552.0,7.0,147.0,0.23520000000000002,0.0066216216216216225,34.83156851,373.0,825.0,803.0,1737.0,736.0,1395.0,897.0,359.0,2377.0,5138.0,158.0,103.0,156.0,609.0,365.0,4.0,1.0,2935.0,2024.0,20622.0
ราชบุรี,Ratchaburi,2020,5,845147.0,980849.0,96089.0,5575.0,9872.0,188.753232488,5196.462,88.0,946.0,1.5136,0.02912751021752877,40.16032419,527.0,297.0,443.0,1050.0,474.0,1318.0,497.0,166.0,2995.0,1637.0,120.0,162.0,85.0,429.0,269.0,1.0,0.0,3141.0,1070.0,14154.0
ร้อยเอ็ด,Roi Et,2020,7,1300771.0,1309850.0,8215.0,,2995.0,157.823730226,8299.449,47.0,339.5,0.5432,0.006545012807476738,36.73620268,801.0,294.0,3814.0,1981.0,5188.0,4642.0,1559.0,137.0,3789.0,3368.0,433.0,432.0,193.0,919.0,239.0,2.0,6.0,2994.0,1579.0,31569.0
ลพบุรี,Lop Buri,2020,4,747842.0,807135.0,44738.0,8730.0,10739.0,130.188251048,6199.753,11.0,347.0,0.5552,0.00895519547310998,35.73235446,663.0,198.0,543.0,830.0,815.0,1280.0,355.0,82.0,3714.0,1597.0,118.0,203.0,101.0,456.0,294.0,0.0,2.0,2359.0,694.0,13641.0
ลำปาง,Lampang,2020,1,730962.0,744448.0,11551.0,,3933.0,59.394472346,12533.961,541.0,12896.0,20.6336,0.16462154302219387,42.95541517,1301.0,531.0,1207.0,1366.0,427.0,2057.0,711.0,44.0,3811.0,4129.0,639.0,1337.0,412.0,2353.0,166.0,2.0,2.0,3081.0,2007.0,24282.0
ลำพูน,Lamphun,2020,1,400710.0,427949.0,20967.0,1634.0,3337.0,94.9756340712,4505.882,289.0,10637.0,17.0192,0.37771073454653276,37.96206627,465.0,501.0,1192.0,1527.0,844.0,1605.0,338.0,174.0,4023.0,2289.0,264.0,1045.0,168.0,916.0,166.0,0.0,4.0,3004.0,1402.0,19462.0
ศรีสะเกษ,Si Sa Ket,2020,10,1464512.0,1470174.0,4282.0,403.0,6909.0,166.309727538,8839.976,57.0,637.41,1.019856,0.011536863900987966,36.10780693,900.0,974.0,7847.0,4876.0,6193.0,7400.0,4560.0,366.0,9242.0,15676.0,916.0,293.0,376.0,2732.0,539.0,2.0,12.0,6013.0,3828.0,71845.0
สกลนคร,Sakon Nakhon,2020,8,1149133.0,1166822.0,11616.0,1436.0,6834.0,121.471025105,9605.764,130.0,860.2,1.3763200000000002,0.014328063858325068,36.65676333,990.0,469.0,28733.0,1220.0,30734.0,3448.0,793.0,169.0,5270.0,3480.0,370.0,163.0,199.0,576.0,252.0,1.0,259.0,3156.0,1942.0,81234.0
สงขลา,Songkhla,2020,12,1422162.0,1542048.0,107126.0,1488.0,4825.0,193.387070357,7973.894,5.0,278.0,0.44480000000000003,0.005578203071172002,28.54351571,770.0,678.0,1013.0,1799.0,20750.0,3124.0,1690.0,568.0,5789.0,5903.0,472.0,906.0,285.0,1882.0,559.0,1.0,3.0,5833.0,2448.0,53703.0
สตูล,Satun,2020,12,323329.0,330733.0,6007.0,,628.0,133.41511438,2478.977,3.0,15.31,0.024496,0.0009881495471720796,28.61702652,306.0,62.0,66.0,124.0,966.0,689.0,266.0,83.0,1462.0,1304.0,51.0,70.0,34.0,164.0,92.0,0.0,0.0,1025.0,419.0,6877.0
สมุทรปราการ,Samut Prakan,2020,6,1329298.0,2040087.0,645799.0,2176.0,40633.0,2031.77298495,1004.092,,,,,40.97368856,99.0,146.0,326.0,435.0,198.0,888.0,227.0,46.0,4839.0,1095.0,138.0,181.0,166.0,804.0,405.0,0.0,6.0,1631.0,741.0,12272.0
สมุทรสงคราม,Samut Songkhram,2020,5,190884.0,213737.0,17009.0,1919.0,2757.0,512.919149426,416.707,,,,,39.34240947,43.0,26.0,10.0,5.0,16.0,143.0,13.0,11.0,500.0,437.0,21.0,11.0,26.0,42.0,55.0,0.0,1.0,873.0,27.0,2217.0
สมุทรสาคร,Samut Sakhon,2020,5,550556.0,999089.0,394403.0,1336.0,17151.0,1145.28851478,872.347,,,,,39.3727798,88.0,411.0,355.0,167.0,189.0,884.0,341.0,136.0,1913.0,1318.0,282.0,511.0,262.0,1111.0,99.0,1.0,31.0,1962.0,739.0,10712.0
สระบุรี,Saraburi,2020,4,638440.0,768979.0,104026.0,1632.0,19493.0,215.009649136,3576.486,46.0,2187.3,3.4996800000000006,0.09785247306993514,36.88524933,353.0,219.0,365.0,307.0,392.0,1457.0,233.0,146.0,2814.0,1454.0,174.0,262.0,116.0,427.0,226.0,0.0,1.0,2706.0,878.0,12177.0
สระแก้ว,Sa Kaeo,2020,6,559690.0,598187.0,32430.0,390.0,4442.0,83.1342256397,7195.436,5.0,469.0,0.7504000000000001,0.010428832943549219,35.46469316,691.0,147.0,706.0,966.0,306.0,1341.0,403.0,85.0,1553.0,1866.0,146.0,72.0,65.0,151.0,229.0,1.0,1.0,2270.0,677.0,10985.0
สิงห์บุรี,Sing Buri,2020,4,206876.0,226074.0,9338.0,3144.0,7694.0,274.869358208,822.478,,,,,38.62946411,82.0,142.0,124.0,198.0,81.0,371.0,113.0,22.0,1564.0,541.0,18.0,8.0,18.0,51.0,77.0,0.0,0.0,1181.0,148.0,4657.0
สุพรรณบุรี,Suphan Buri,2020,5,839953.0,871278.0,12783.0,7413.0,12454.0,162.612299198,5358.008,45.0,443.0,0.7088,0.013228796970814527,41.09167394,552.0,155.0,199.0,357.0,1296.0,774.0,183.0,25.0,3650.0,711.0,61.0,38.0,47.0,159.0,410.0,0.0,2.0,2133.0,530.0,10730.0
สุราษฎร์ธานี,Surat Thani,2020,11,1060272.0,1136864.0,68314.0,824.0,,88.1873120899,12891.469,9.0,265.0,0.42400000000000004,0.003288996777636436,27.84576701,1313.0,476.0,647.0,882.0,1445.0,1757.0,533.0,144.0,4467.0,3265.0,468.0,648.0,477.0,1846.0,441.0,0.0,6.0,3579.0,2210.0,23291.0
สุรินทร์,Surin,2020,9,1386101.0,1405519.0,23571.0,923.0,2804.0,173.007054604,8124.056,43.0,589.22,0.942752,0.011604449796997955,36.01506151,904.0,206.0,2689.0,850.0,4595.0,2543.0,864.0,61.0,4673.0,2185.0,119.0,104.0,64.0,320.0,366.0,0.0,5.0,3032.0,1057.0,23733.0
สุโขทัย,Sukhothai,2020,2,590789.0,603955.0,11782.0,2475.0,1815.0,91.5625494611,6596.092,92.0,4201.0,6.7216000000000005,0.10190276302998807,45.73930419,692.0,81.0,624.0,482.0,489.0,891.0,160.0,20.0,3030.0,735.0,73.0,53.0,26.0,47.0,180.0,0.0,0.0,1275.0,369.0,8535.0
หนองคาย,Nong Khai,2020,8,515081.0,529220.0,11741.0,,44.0,174.816997437,3027.28,18.0,427.0,0.6832,0.022568113950476993,38.34308893,344.0,108.0,289.0,468.0,229.0,724.0,240.0,41.0,2630.0,1365.0,66.0,37.0,105.0,191.0,106.0,3.0,0.0,889.0,480.0,7971.0
หนองบัวลำภู,Nong Bua Lam Phu,2020,8,510569.0,525668.0,12904.0,,3294.0,136.215673867,3859.086,14.0,327.0,0.5232,0.01355761441958018,37.2263031,425.0,667.0,256.0,117.0,101.0,1093.0,184.0,36.0,3199.0,1358.0,71.0,14.0,35.0,46.0,126.0,0.0,0.0,859.0,448.0,8610.0
อำนาจเจริญ,Amnat Charoen,2020,10,376529.0,380366.0,3630.0,,541.0,120.321467977,3161.248,37.0,313.7,0.50192,0.015877273785542927,35.94869916,335.0,160.0,578.0,530.0,255.0,1583.0,450.0,51.0,1801.0,1233.0,172.0,68.0,99.0,350.0,97.0,0.0,8.0,984.0,617.0,9036.0
อุดรธานี,Udon Thani,2020,8,1569863.0,1589186.0,13651.0,3070.0,4482.0,135.476989424,11730.302,94.0,1198.0,1.9168,0.01634058526370421,37.63288785,1136.0,553.0,1344.0,2134.0,745.0,3724.0,866.0,444.0,4999.0,7642.0,368.0,112.0,281.0,501.0,265.0,1.0,2.0,2534.0,2329.0,28844.0
อุตรดิตถ์,Uttaradit,2020,2,449841.0,460604.0,10204.0,446.0,1209.0,58.7610632114,7838.592,52.0,630.7,1.00912,0.012873740590146803,42.52153165,814.0,130.0,437.0,667.0,638.0,909.0,189.0,22.0,1583.0,797.0,92.0,139.0,106.0,764.0,87.0,0.0,1.0,1728.0,612.0,8901.0
อุทัยธานี,Uthai Thani,2020,3,326761.0,340741.0,9677.0,1243.0,3953.0,50.6283128432,6730.246,73.0,2834.0,4.534400000000001,0.0673734659921792,46.97526384,675.0,132.0,1161.0,211.0,1159.0,458.0,331.0,17.0,1657.0,698.0,58.0,10.0,13.0,56.0,137.0,0.0,0.0,2186.0,431.0,8715.0
อุบลราชธานี,Ubon Ratchathani,2020,10,1864600.0,1886568.0,14594.0,1106.0,4171.0,119.599847851,15774.0,142.0,1265.63,2.025008,0.012837631545581336,36.80836197,1589.0,891.0,6666.0,6210.0,5664.0,8870.0,3280.0,632.0,10240.0,14187.0,1218.0,319.0,658.0,2741.0,262.0,2.0,51.0,10385.0,5627.0,77903.0
อ่างทอง,Ang Thong,2020,4,277709.0,294708.0,15430.0,219.0,2475.0,304.33345863,968.372,,,,,40.18548762,99.0,162.0,239.0,291.0,141.0,507.0,128.0,60.0,1766.0,569.0,249.0,66.0,191.0,216.0,70.0,0.0,3.0,767.0,291.0,5716.0
เชียงราย,Chiang Rai,2020,1,1171778.0,1311841.0,13675.0,122.0,3018.0,112.330840034,11678.369,209.0,6192.13,9.907408,0.08483554510051874,45.0400669,1214.0,228.0,1114.0,1061.0,2612.0,2204.0,431.0,86.0,6636.0,2471.0,187.0,143.0,211.0,517.0,489.0,0.0,0.0,3580.0,1380.0,23350.0
เชียงใหม่,Chiang Mai,2020,1,1629434.0,1899790.0,103776.0,5031.0,6613.0,94.4837426979,20107.057,2375.0,53720.52,85.952832,0.4274759453857419,35.99774851,2305.0,663.0,2855.0,2749.0,3034.0,3092.0,936.0,480.0,10935.0,4436.0,828.0,1785.0,1136.0,3370.0,542.0,2.0,24.0,6613.0,2678.0,46158.0
เพชรบุรี,Phetchaburi,2020,5,479561.0,522282.0,33701.0,437.0,5951.0,83.898862965,6225.138,92.0,4602.0,7.3632,0.11828171520053049,37.73594363,625.0,187.0,145.0,646.0,268.0,1079.0,183.0,119.0,1915.0,1036.0,140.0,121.0,143.0,783.0,193.0,0.0,0.0,2152.0,826.0,9936.0
เพชรบูรณ์,Phetchabun,2020,2,985259.0,1012650.0,28293.0,567.0,1850.0,79.9350131855,12668.416,99.0,2169.5,3.4712,0.027400426383219496,38.13337119,1271.0,272.0,930.0,1146.0,1044.0,2133.0,888.0,100.0,3857.0,2055.0,354.0,366.0,162.0,518.0,261.0,0.0,4.0,3828.0,1135.0,19053.0
เลย,Loei,2020,8,636829.0,646079.0,3727.0,278.0,3338.0,56.5515047688,11424.612,224.0,6339.5,10.1432,0.08878375913335176,38.04794823,1081.0,134.0,333.0,348.0,716.0,1203.0,220.0,15.0,3121.0,1175.0,69.0,70.0,46.0,114.0,287.0,0.0,2.0,964.0,557.0,9374.0
แพร่,Phrae,2020,1,438923.0,446829.0,6189.0,851.0,2439.0,68.3371267051,6538.598,197.0,6510.0,10.416,0.15930020472278614,43.42408178,671.0,59.0,361.0,267.0,440.0,790.0,112.0,13.0,2123.0,829.0,47.0,82.0,96.0,112.0,131.0,0.0,0.0,1021.0,322.0,6805.0
แม่ฮ่องสอน,Mae Hong Son,2020,1,240819.0,288652.0,4103.0,,,22.762093259,12681.259,334.0,4123.75,6.598000000000001,0.05202953429150844,34.07493791,1335.0,77.0,440.0,66.0,150.0,528.0,123.0,23.0,1570.0,952.0,76.0,60.0,89.0,228.0,76.0,0.0,1.0,1207.0,556.0,6222.0
กระบี่,Krabi,2021,11,476366.0,501875.0,16698.0,2791.0,3035.0,106.588875636,4708.512,0.0,0.0,0.0,0.0,26.75639582,531.0,173.0,188.0,661.0,508.0,1670.0,725.0,251.0,1554.0,1562.0,281.0,154.0,242.0,577.0,93.0,1.0,10.0,2511.0,1122.0,12283.0
กรุงเทพมหานคร,Bangkok,2021,13,5457986.0,7911486.0,2324208.0,10793.0,48491.0,5043.22011911,1568.737,,,,,32.61683358,158.0,3025.0,1883.0,1974.0,1686.0,13255.0,2612.0,2613.0,13460.0,12185.0,2031.0,905.0,2526.0,4501.0,539.0,95.0,210.0,14174.0,5088.0,82762.0
กาญจนบุรี,Kanchanaburi,2021,5,815685.0,949824.0,41274.0,9509.0,4987.0,48.7510539878,19483.148,153.0,1636.5,2.6184000000000003,0.013439306625397497,32.8955753,1977.0,422.0,960.0,1061.0,182.0,1893.0,534.0,251.0,2641.0,1764.0,235.0,188.0,203.0,655.0,391.0,1.0,4.0,3005.0,1931.0,16321.0
กาฬสินธุ์,Kalasin,2021,7,975474.0,983683.0,3404.0,2557.0,2152.0,141.603421228,6946.746,26.0,137.0,0.2192,0.003155434213371267,35.21850445,711.0,419.0,1616.0,3106.0,1717.0,4306.0,3225.0,257.0,3377.0,5005.0,286.0,164.0,193.0,674.0,149.0,5.0,39.0,3011.0,2209.0,29758.0
กำแพงเพชร,Kamphaeng Phet,2021,3,711588.0,735280.0,17075.0,1496.0,4566.0,85.4232767044,8607.49,45.0,1175.0,1.8800000000000001,0.021841442743471093,37.01029709,879.0,290.0,2136.0,1003.0,1584.0,1743.0,656.0,192.0,2585.0,1795.0,158.0,225.0,112.0,520.0,216.0,1.0,6.0,1963.0,1709.0,16894.0
ขอนแก่น,Khon Kaen,2021,7,1789131.0,1828670.0,32434.0,4273.0,1100.0,167.983787604,10885.991,83.0,1355.0,2.168,0.019915504247615123,33.97893518,1097.0,1460.0,4539.0,5184.0,3653.0,6775.0,2691.0,632.0,7832.0,9407.0,733.0,529.0,622.0,1851.0,541.0,9.0,126.0,9455.0,4468.0,60507.0
จันทบุรี,Chanthaburi,2021,6,532365.0,592610.0,53214.0,1770.0,1069.0,93.5011044494,6338.0,0.0,0.0,0.0,0.0,31.15323759,650.0,441.0,946.0,656.0,805.0,1810.0,606.0,448.0,2210.0,2179.0,333.0,363.0,183.0,772.0,364.0,12.0,11.0,2677.0,1806.0,16622.0
ฉะเชิงเทรา,Chachoengsao,2021,6,718455.0,816645.0,73198.0,10541.0,8728.0,152.615398991,5351.0,1.0,2.0,0.0032,5.9801906185759676e-05,33.06375577,527.0,460.0,1107.0,1304.0,316.0,1875.0,769.0,330.0,2756.0,1638.0,259.0,187.0,215.0,947.0,235.0,5.0,10.0,3358.0,1645.0,17416.0
ชลบุรี,Chon Buri,2021,6,1553561.0,2094741.0,486071.0,530.0,24468.0,480.114829246,4363.0,54.0,619.0,0.9904000000000001,0.022699977079990833,34.95325539,453.0,710.0,1512.0,2436.0,869.0,3360.0,1561.0,511.0,4037.0,4217.0,580.0,234.0,529.0,937.0,474.0,5.0,86.0,5614.0,3762.0,31434.0
ชัยนาท,Chai Nat,2021,3,321108.0,347595.0,17950.0,3688.0,5525.0,140.741193629,2469.746,,,,,34.58222486,259.0,477.0,454.0,785.0,208.0,1109.0,426.0,78.0,2548.0,2676.0,133.0,37.0,59.0,213.0,124.0,1.0,5.0,1118.0,859.0,11310.0
ชัยภูมิ,Chaiyaphum,2021,9,1122452.0,1137709.0,13427.0,1220.0,797.0,89.0345474319,12778.287,83.0,1932.0,3.0912,0.024191035934628798,33.05462032,1302.0,769.0,3227.0,3754.0,1768.0,4261.0,2184.0,347.0,5569.0,4480.0,333.0,251.0,233.0,963.0,296.0,2.0,42.0,4965.0,2858.0,36302.0
ชุมพร,Chumphon,2021,11,505241.0,555842.0,42148.0,2599.0,1616.0,92.4885134385,6009.849,1.0,1.0,0.0016,2.6622965069505074e-05,30.08954103,601.0,263.0,599.0,1103.0,852.0,1653.0,707.0,284.0,1709.0,1777.0,273.0,96.0,200.0,682.0,88.0,3.0,6.0,2076.0,1306.0,13677.0
ตรัง,Trang,2021,12,638773.0,663383.0,20046.0,2896.0,653.0,134.901969875,4917.519,0.0,0.0,0.0,0.0,25.432803,474.0,264.0,664.0,925.0,90.0,2146.0,1001.0,292.0,3358.0,3065.0,162.0,80.0,154.0,571.0,246.0,0.0,15.0,2721.0,1772.0,17526.0
ตราด,Trat,2021,6,218893.0,269704.0,37552.0,2681.0,1095.0,95.6736431359,2819.0,0.0,0.0,0.0,0.0,31.09721416,289.0,161.0,569.0,675.0,471.0,751.0,263.0,80.0,1292.0,799.0,112.0,272.0,68.0,251.0,97.0,1.0,4.0,805.0,743.0,7414.0
ตาก,Tak,2021,2,544261.0,724970.0,40996.0,1605.0,5786.0,44.187570284,16406.65,275.0,13021.0,20.8336,0.12698265642285292,34.76430327,1781.0,313.0,1041.0,561.0,325.0,1693.0,408.0,397.0,2482.0,1770.0,125.0,367.0,190.0,635.0,156.0,3.0,16.0,2531.0,1443.0,14456.0
นครนายก,Nakhon Nayok,2021,4,258860.0,292176.0,15462.0,3113.0,13168.0,137.688972667,2122.0,0.0,0.0,0.0,0.0,31.36231458,220.0,216.0,386.0,1043.0,520.0,886.0,128.0,291.0,818.0,793.0,111.0,53.0,62.0,165.0,47.0,2.0,9.0,816.0,563.0,6909.0
นครปฐม,Nakhon Pathom,2021,5,910832.0,1159613.0,202879.0,6517.0,28046.0,534.796181572,2168.327,,,,,33.35784494,222.0,507.0,426.0,477.0,232.0,1974.0,635.0,1380.0,2740.0,2163.0,289.0,247.0,284.0,896.0,217.0,7.0,33.0,3322.0,1431.0,17260.0
นครพนม,Nakhon Phanom,2021,8,715482.0,731194.0,11956.0,1293.0,905.0,132.638860167,5512.668,25.0,472.57,0.756112,0.013715899451953211,33.29073506,579.0,350.0,1438.0,1359.0,156.0,3716.0,1141.0,1231.0,2265.0,2840.0,381.0,148.0,409.0,1014.0,160.0,1.0,613.0,3605.0,1707.0,22534.0
นครราชสีมา,Nakhon Ratchasima,2021,9,2629023.0,2709927.0,67173.0,5395.0,3205.0,132.230494793,20493.964,12.0,113.0,0.18080000000000002,0.0008822109768515257,32.84109757,2118.0,2288.0,6357.0,3850.0,2720.0,8723.0,3739.0,308.0,12441.0,9820.0,1257.0,422.0,713.0,2364.0,745.0,4.0,43.0,10875.0,6471.0,73140.0
นครศรีธรรมราช,Nakhon Si Thammarat,2021,11,1547100.0,1598869.0,35455.0,4283.0,9787.0,160.811534159,9942.502,0.0,0.0,0.0,0.0,28.20526552,984.0,1035.0,1024.0,3021.0,754.0,5860.0,3049.0,995.0,5379.0,8923.0,808.0,714.0,487.0,1951.0,504.0,4.0,270.0,8799.0,4178.0,47755.0
นครสวรรค์,Nakhon Sawan,2021,3,1035700.0,1064694.0,24118.0,2188.0,3360.0,110.932468346,9597.677,40.0,1016.0,1.6256000000000002,0.016937431838975205,34.41112982,973.0,911.0,1571.0,1214.0,686.0,3057.0,1623.0,207.0,5554.0,5069.0,400.0,160.0,292.0,988.0,422.0,3.0,15.0,3205.0,2608.0,27985.0
นนทบุรี,Nonthaburi,2021,4,1272643.0,1892217.0,357078.0,44112.0,202390.0,3040.66829181,622.303,,,,,32.50287453,63.0,992.0,657.0,491.0,592.0,3164.0,670.0,356.0,5293.0,4403.0,832.0,342.0,683.0,1536.0,222.0,23.0,47.0,5940.0,1988.0,28231.0
นราธิวาส,Narathiwat,2021,12,805828.0,822925.0,4084.0,7619.0,1562.0,183.876186199,4475.43,2.0,44.5,0.0712,0.001590908583085871,26.64600123,445.0,132.0,141.0,477.0,5076.0,2618.0,880.0,83.0,2483.0,2035.0,205.0,207.0,99.0,411.0,104.0,2.0,12.0,1380.0,1125.0,17470.0
น่าน,Nan,2021,1,474516.0,477509.0,717.0,854.0,63.0,41.6236055701,11472.072,55.0,1567.0,2.5072,0.021854814021390383,39.02187081,1270.0,239.0,1482.0,1726.0,1514.0,1182.0,473.0,687.0,2361.0,3007.0,319.0,97.0,205.0,1498.0,167.0,1.0,27.0,4631.0,1542.0,21158.0
บึงกาฬ,Bueng Kan,2021,8,421247.0,425874.0,3022.0,616.0,241.0,98.9254355401,4305.0,5.0,66.16,0.105856,0.0024589082462253197,35.2732984,410.0,139.0,736.0,1935.0,236.0,1622.0,588.0,431.0,1283.0,797.0,96.0,30.0,96.0,237.0,166.0,1.0,129.0,1313.0,855.0,10690.0
บุรีรัมย์,Buri Ram,2021,9,1578458.0,1597621.0,13645.0,3470.0,701.0,154.764971227,10322.885,5.0,15.0,0.024,0.00023249314508492537,34.24442597,1023.0,1073.0,5219.0,3971.0,2946.0,6580.0,2302.0,260.0,6864.0,4355.0,793.0,443.0,279.0,1957.0,432.0,5.0,26.0,6847.0,4613.0,48965.0
ปทุมธานี,Pathum Thani,2021,4,1173613.0,1769164.0,448068.0,8296.0,122740.0,1159.45672462,1525.856,,,,,32.14955089,151.0,404.0,481.0,526.0,486.0,2767.0,661.0,128.0,3212.0,2342.0,343.0,204.0,355.0,652.0,156.0,4.0,15.0,3566.0,1312.0,17614.0
ประจวบคีรีขันธ์,Prachuap Khiri Khan,2021,5,539500.0,595517.0,37266.0,4714.0,366.0,93.5226976484,6367.62,21.0,403.0,0.6448,0.010126232407084594,33.12174968,646.0,376.0,511.0,1052.0,870.0,1775.0,429.0,304.0,2492.0,1570.0,409.0,231.0,320.0,840.0,185.0,2.0,7.0,3254.0,1427.0,16054.0
ปราจีนบุรี,Prachin Buri,2021,6,493492.0,566741.0,69729.0,868.0,819.0,119.004183218,4762.362,4.0,106.0,0.1696,0.003561258048002231,31.87577013,509.0,284.0,687.0,792.0,423.0,1324.0,330.0,435.0,1167.0,1182.0,136.0,66.0,101.0,348.0,113.0,0.0,11.0,2100.0,1086.0,10585.0
ปัตตานี,Pattani,2021,12,726205.0,757423.0,15298.0,6276.0,6268.0,390.352595091,1940.356,0.0,0.0,0.0,0.0,26.398984,201.0,220.0,131.0,515.0,2107.0,2704.0,555.0,353.0,1853.0,2954.0,189.0,137.0,128.0,279.0,53.0,0.0,9.0,1968.0,1036.0,15191.0
พระนครศรีอยุธยา,Phra Nakhon Si Ayutthaya,2021,4,817688.0,920993.0,82788.0,5672.0,12021.0,360.235699981,2556.64,,,,,34.48838671,264.0,344.0,878.0,1725.0,678.0,2259.0,963.0,197.0,3381.0,2538.0,297.0,159.0,281.0,670.0,263.0,2.0,12.0,4288.0,1591.0,20526.0
พะเยา,Phayao,2021,1,463502.0,470817.0,4227.0,1152.0,933.0,74.3192645374,6335.06,116.0,3622.0,5.7952,0.0914782180437123,43.71160871,646.0,391.0,1673.0,1801.0,938.0,1675.0,666.0,603.0,3661.0,2597.0,258.0,261.0,296.0,589.0,215.0,1.0,25.0,2880.0,1609.0,20139.0
พังงา,Phangnga,2021,11,264003.0,295945.0,24322.0,1748.0,1859.0,70.954795074,4170.895,0.0,0.0,0.0,0.0,27.48501205,454.0,250.0,324.0,650.0,420.0,1180.0,353.0,170.0,1775.0,1401.0,235.0,352.0,99.0,578.0,74.0,18.0,173.0,2025.0,774.0,10851.0
พัทลุง,Phatthalung,2021,12,522472.0,537712.0,6188.0,5446.0,3537.0,157.020364885,3424.473,0.0,0.0,0.0,0.0,25.43437353,384.0,313.0,438.0,876.0,603.0,1717.0,1085.0,430.0,2957.0,3679.0,116.0,128.0,103.0,410.0,136.0,2.0,11.0,1866.0,1174.0,16044.0
พิจิตร,Phichit,2021,3,530233.0,550311.0,12452.0,5936.0,2528.0,121.454297306,4531.013,,,,,34.35577455,446.0,679.0,832.0,628.0,229.0,1468.0,828.0,507.0,2520.0,1947.0,170.0,288.0,112.0,455.0,145.0,1.0,5.0,2101.0,1092.0,14007.0
พิษณุโลก,Phitsanulok,2021,2,846815.0,899494.0,38607.0,5734.0,7769.0,83.1643992236,10815.854,53.0,903.0,1.4448,0.013358168481194366,34.90753397,1086.0,940.0,1673.0,1713.0,520.0,2468.0,617.0,271.0,4647.0,2907.0,522.0,447.0,369.0,1462.0,274.0,2.0,10.0,4508.0,2242.0,25592.0
ภูเก็ต,Phuket,2021,11,405235.0,549844.0,126613.0,369.0,4077.0,1012.54065123,543.034,0.0,0.0,0.0,0.0,29.48015181,52.0,286.0,254.0,229.0,85.0,810.0,411.0,101.0,1742.0,1403.0,217.0,215.0,472.0,914.0,79.0,4.0,10.0,3087.0,1037.0,11356.0
มหาสารคาม,Maha Sarakham,2021,7,950242.0,978596.0,15252.0,9384.0,5650.0,184.930956749,5291.683,0.0,0.0,0.0,0.0,32.315513,571.0,650.0,4088.0,2693.0,4110.0,3050.0,1879.0,404.0,3478.0,2801.0,262.0,110.0,221.0,605.0,146.0,33.0,42.0,3125.0,2410.0,30107.0
มุกดาหาร,Mukdahan,2021,8,348324.0,360506.0,7613.0,1157.0,252.0,83.0691524783,4339.83,50.0,462.99,0.740784,0.01706942437837427,35.70787215,417.0,174.0,863.0,2431.0,180.0,1898.0,983.0,493.0,1988.0,1116.0,194.0,387.0,150.0,691.0,66.0,6.0,30.0,1761.0,918.0,14329.0
ยะลา,Yala,2021,12,538960.0,555482.0,11746.0,101.0,1321.0,122.864945042,4521.078,0.0,0.0,0.0,0.0,25.03476659,446.0,161.0,140.0,449.0,144.0,1824.0,541.0,423.0,1921.0,1976.0,181.0,160.0,164.0,379.0,83.0,1.0,7.0,1436.0,1077.0,11067.0
ยโสธร,Yasothon,2021,10,533604.0,539461.0,3761.0,,2306.0,129.62627449,4161.664,16.0,163.0,0.26080000000000003,0.006266724079598931,35.24817665,422.0,207.0,1058.0,1302.0,224.0,2421.0,1103.0,214.0,2284.0,1770.0,310.0,65.0,100.0,871.0,64.0,2.0,9.0,2105.0,1351.0,15460.0
ระนอง,Ranong,2021,11,179329.0,250140.0,53626.0,1736.0,205.0,75.8449323766,3298.045,2.0,15.0,0.024,0.0007277038366668739,28.43914693,324.0,127.0,163.0,282.0,347.0,603.0,245.0,442.0,1043.0,919.0,119.0,17.0,128.0,261.0,68.0,2.0,2.0,1098.0,527.0,6393.0
ระยอง,Rayong,2021,6,738941.0,1003088.0,243738.0,5803.0,2204.0,282.400900901,3552.0,0.0,0.0,0.0,0.0,34.6236108,373.0,418.0,683.0,1440.0,1329.0,1494.0,1031.0,316.0,2520.0,3799.0,152.0,96.0,186.0,593.0,349.0,4.0,12.0,2633.0,2157.0,19212.0
ราชบุรี,Ratchaburi,2021,5,842393.0,952593.0,66427.0,7244.0,10641.0,183.315686711,5196.462,36.0,470.0,0.752,0.014471384568962497,35.00481931,527.0,801.0,864.0,966.0,667.0,2296.0,961.0,1105.0,2935.0,2782.0,484.0,553.0,396.0,1333.0,275.0,8.0,42.0,7277.0,2132.0,25877.0
ร้อยเอ็ด,Roi Et,2021,7,1296151.0,1308046.0,6785.0,1670.0,3578.0,157.606366399,8299.449,14.0,136.75,0.21880000000000002,0.002636319591818686,34.07677283,801.0,442.0,3960.0,3011.0,2655.0,5620.0,2175.0,283.0,3909.0,3922.0,375.0,164.0,368.0,1505.0,244.0,2.0,61.0,5214.0,2706.0,36616.0
ลพบุรี,Lop Buri,2021,4,739787.0,782783.0,32380.0,,10930.0,126.26035263,6199.753,7.0,147.0,0.23520000000000002,0.0037936995231906824,35.3015366,663.0,606.0,1372.0,1321.0,958.0,2030.0,668.0,197.0,3767.0,2834.0,330.0,456.0,311.0,1008.0,231.0,2.0,12.0,3832.0,1597.0,21532.0
ลำปาง,Lampang,2021,1,724121.0,741202.0,13169.0,1895.0,1460.0,59.1354959538,12533.961,373.0,7932.0,12.6912,0.10125450366408513,41.13474521,1301.0,686.0,2056.0,2334.0,290.0,2373.0,1115.0,524.0,4202.0,5385.0,704.0,1316.0,458.0,2432.0,154.0,3.0,11.0,7271.0,2578.0,33892.0
ลำพูน,Lamphun,2021,1,398627.0,438277.0,22511.0,5668.0,8959.0,97.2677491332,4505.882,255.0,10198.0,16.3168,0.3621222215761532,38.30828793,465.0,547.0,1581.0,1779.0,1407.0,1500.0,391.0,62.0,4176.0,2468.0,290.0,819.0,199.0,966.0,185.0,0.0,27.0,3592.0,1547.0,21536.0
ศรีสะเกษ,Si Sa Ket,2021,10,1456828.0,1463347.0,4880.0,231.0,680.0,165.537440373,8839.976,28.0,280.02,0.448032,0.00506824905406983,35.64155938,900.0,907.0,6412.0,3819.0,2872.0,6716.0,4205.0,278.0,8784.0,8429.0,696.0,229.0,327.0,2094.0,500.0,3.0,29.0,6227.0,3870.0,56397.0
สกลนคร,Sakon Nakhon,2021,8,1145549.0,1157990.0,10276.0,,1428.0,120.551577157,9605.764,99.0,650.2,1.0403200000000001,0.010830164055664913,32.81642499,990.0,462.0,2517.0,2480.0,1442.0,5017.0,1537.0,208.0,5145.0,2546.0,395.0,236.0,218.0,688.0,261.0,0.0,417.0,4151.0,2594.0,30314.0
สงขลา,Songkhla,2021,12,1420085.0,1495026.0,59679.0,3361.0,450.0,187.490076994,7973.894,4.0,420.5,0.6728000000000001,0.008437533782114485,26.59582412,770.0,1005.0,1153.0,2716.0,3473.0,4295.0,2205.0,127.0,6670.0,7585.0,658.0,769.0,547.0,2505.0,536.0,5.0,30.0,8018.0,3332.0,45629.0
สตูล,Satun,2021,12,323945.0,334779.0,6946.0,2751.0,247.0,135.047239244,2478.977,0.0,0.0,0.0,0.0,26.02322754,306.0,121.0,105.0,307.0,386.0,1130.0,441.0,285.0,1646.0,2055.0,97.0,139.0,82.0,331.0,66.0,0.0,5.0,1193.0,735.0,9124.0
สมุทรปราการ,Samut Prakan,2021,6,1335201.0,2229691.0,725997.0,52454.0,94791.0,2220.60428726,1004.092,,,,,36.07942248,99.0,726.0,999.0,1192.0,360.0,3810.0,907.0,591.0,5313.0,4340.0,1383.0,876.0,2154.0,3755.0,425.0,15.0,136.0,10707.0,2507.0,40196.0
สมุทรสงคราม,Samut Songkhram,2021,5,189672.0,212954.0,12876.0,1916.0,7320.0,511.040131315,416.707,,,,,35.14796127,43.0,110.0,56.0,114.0,17.0,502.0,119.0,240.0,497.0,458.0,40.0,35.0,86.0,248.0,41.0,2.0,4.0,725.0,333.0,3627.0
สมุทรสาคร,Samut Sakhon,2021,5,551867.0,1052260.0,409388.0,27331.0,28752.0,1206.24017736,872.347,,,,,34.79660131,88.0,367.0,363.0,262.0,246.0,1060.0,399.0,240.0,1974.0,1431.0,280.0,383.0,272.0,1043.0,93.0,3.0,46.0,3429.0,729.0,12620.0
สระบุรี,Saraburi,2021,4,637464.0,736601.0,72620.0,7203.0,12815.0,205.956628937,3576.486,57.0,996.0,1.5936000000000001,0.044557702728320485,35.20841604,353.0,443.0,790.0,637.0,368.0,2510.0,475.0,127.0,3001.0,2214.0,386.0,570.0,292.0,1121.0,193.0,1.0,7.0,4474.0,1713.0,19322.0
สระแก้ว,Sa Kaeo,2021,6,557253.0,609967.0,35146.0,3760.0,9069.0,84.7713745213,7195.436,2.0,65.0,0.10400000000000001,0.0014453606424961604,34.61650886,691.0,301.0,1336.0,1753.0,702.0,1978.0,774.0,136.0,1760.0,2462.0,322.0,131.0,204.0,428.0,199.0,1.0,10.0,2332.0,1159.0,15988.0
สิงห์บุรี,Sing Buri,2021,4,204918.0,226534.0,13248.0,3311.0,5449.0,275.428643684,822.478,,,,,35.76269158,82.0,518.0,281.0,417.0,202.0,701.0,284.0,150.0,1588.0,1223.0,97.0,57.0,67.0,287.0,68.0,0.0,5.0,958.0,468.0,7371.0
สุพรรณบุรี,Suphan Buri,2021,5,834480.0,857784.0,16787.0,985.0,4652.0,160.093825914,5358.008,31.0,366.0,0.5856,0.010929434969115389,36.08924616,552.0,736.0,995.0,1458.0,122.0,2287.0,691.0,97.0,3971.0,2399.0,379.0,258.0,229.0,893.0,354.0,5.0,19.0,3324.0,2270.0,20487.0
สุราษฎร์ธานี,Surat Thani,2021,11,1062199.0,1142648.0,70184.0,,,88.6359808956,12891.469,4.0,31.5,0.0504,0.00039095622073791593,28.63390635,1313.0,843.0,1400.0,3054.0,964.0,3793.0,1599.0,79.0,4763.0,6439.0,823.0,869.0,616.0,2238.0,466.0,4.0,35.0,6795.0,3308.0,38088.0
สุรินทร์,Surin,2021,9,1375749.0,1413761.0,27714.0,5105.0,4712.0,174.021572476,8124.056,5.0,35.0,0.056,0.0006893108565475176,35.41998638,904.0,566.0,4601.0,2125.0,1055.0,5332.0,2119.0,667.0,5097.0,4615.0,382.0,281.0,246.0,1479.0,278.0,0.0,36.0,5511.0,3289.0,37679.0
สุโขทัย,Sukhothai,2021,2,585913.0,623095.0,18656.0,3941.0,15146.0,94.46426763,6596.092,144.0,3511.0,5.6176,0.08516557986153014,39.96679151,692.0,512.0,1058.0,1736.0,115.0,1842.0,467.0,551.0,3157.0,1744.0,222.0,139.0,124.0,269.0,172.0,1.0,12.0,2086.0,1469.0,15676.0
หนองคาย,Nong Khai,2021,8,512346.0,529942.0,9799.0,1912.0,1388.0,175.055495362,3027.28,9.0,163.0,0.26080000000000003,0.00861499431833197,34.6370084,344.0,217.0,852.0,1290.0,146.0,1705.0,710.0,135.0,1731.0,1192.0,129.0,78.0,136.0,277.0,106.0,3.0,9.0,1960.0,1174.0,11850.0
หนองบัวลำภู,Nong Bua Lam Phu,2021,8,508643.0,530599.0,14679.0,5253.0,1666.0,137.493437565,3859.086,52.0,1595.0,2.552,0.06612964831568927,34.2052585,425.0,261.0,1192.0,978.0,243.0,2166.0,668.0,529.0,3181.0,1506.0,173.0,56.0,89.0,215.0,101.0,4.0,19.0,1384.0,1105.0,13870.0
อำนาจเจริญ,Amnat Charoen,2021,10,375499.0,383735.0,4869.0,981.0,1535.0,121.387186326,3161.248,18.0,181.0,0.2896,0.009160938970938061,34.05736094,335.0,230.0,1048.0,1014.0,118.0,1686.0,705.0,167.0,1877.0,1712.0,182.0,107.0,98.0,623.0,142.0,0.0,5.0,1702.0,950.0,12366.0
อุดรธานี,Udon Thani,2021,8,1559860.0,1590216.0,19971.0,2047.0,1688.0,135.5647962,11730.302,22.0,284.21,0.454736,0.003876592435557072,33.90287409,1136.0,738.0,2776.0,4032.0,1840.0,5748.0,1529.0,214.0,5076.0,4253.0,569.0,155.0,351.0,540.0,242.0,3.0,29.0,4760.0,3674.0,36529.0
อุตรดิตถ์,Uttaradit,2021,2,446349.0,455630.0,8929.0,439.0,114.0,58.1265104754,7838.592,29.0,340.0,0.544,0.006940021881480756,36.86007145,814.0,164.0,521.0,735.0,182.0,869.0,260.0,205.0,1783.0,732.0,138.0,184.0,75.0,509.0,83.0,0.0,3.0,1721.0,727.0,8891.0
อุทัยธานี,Uthai Thani,2021,3,325025.0,334075.0,5529.0,1258.0,2172.0,49.6378587053,6730.246,29.0,758.0,1.2128,0.01802014369162732,33.22083455,675.0,346.0,984.0,764.0,105.0,856.0,509.0,219.0,1612.0,1392.0,231.0,28.0,59.0,179.0,128.0,1.0,4.0,819.0,887.0,9123.0
อุบลราชธานี,Ubon Ratchathani,2021,10,1859494.0,1905105.0,29726.0,2521.0,4339.0,120.775009509,15774.0,96.0,1015.73,1.6251680000000002,0.010302827437555472,35.64774862,1589.0,999.0,6154.0,6361.0,6320.0,8082.0,3108.0,109.0,9792.0,10764.0,1073.0,297.0,599.0,3043.0,241.0,5.0,57.0,9190.0,5993.0,72187.0
อ่างทอง,Ang Thong,2021,4,275264.0,307028.0,7627.0,2732.0,21906.0,317.055842176,968.372,,,,,36.32848346,99.0,310.0,309.0,611.0,251.0,959.0,208.0,1442.0,2253.0,928.0,204.0,95.0,233.0,338.0,77.0,0.0,6.0,1224.0,567.0,10015.0
เชียงราย,Chiang Rai,2021,1,1168543.0,1316962.0,16020.0,2517.0,,112.769343048,11678.369,43.0,949.74,1.519584,0.01301195398090264,46.84959211,1214.0,660.0,3263.0,2972.0,1201.0,3961.0,1037.0,401.0,7632.0,5212.0,486.0,414.0,418.0,1747.0,440.0,4.0,53.0,5814.0,3863.0,39578.0
เชียงใหม่,Chiang Mai,2021,1,1628663.0,1937960.0,140796.0,975.0,6804.0,96.3820811768,20107.057,1305.0,33369.7,53.39152,0.26553622442110747,37.31186888,2305.0,1338.0,5499.0,5109.0,2677.0,5179.0,1720.0,136.0,12609.0,8936.0,1099.0,1893.0,1327.0,4431.0,501.0,13.0,61.0,14761.0,5008.0,72297.0
เพชรบุรี,Phetchaburi,2021,5,478412.0,522475.0,31935.0,4017.0,3648.0,83.9298662937,6225.138,17.0,448.0,0.7168,0.011514604174236779,33.92390178,625.0,232.0,235.0,1005.0,353.0,1318.0,262.0,93.0,1935.0,977.0,160.0,127.0,195.0,777.0,165.0,2.0,5.0,2790.0,1073.0,11704.0
เพชรบูรณ์,Phetchabun,2021,2,978211.0,1009170.0,24674.0,4812.0,1312.0,79.6603142808,12668.416,39.0,638.5,1.0216,0.008064149456411915,33.01008182,1271.0,549.0,1657.0,1901.0,880.0,3286.0,1195.0,287.0,3921.0,2342.0,402.0,397.0,230.0,713.0,217.0,0.0,6.0,3708.0,2128.0,23819.0
เลย,Loei,2021,8,634694.0,648612.0,2028.0,397.0,7455.0,56.7732190818,11424.612,95.0,1458.0,2.3328,0.020419074188252524,34.74628087,1081.0,463.0,1602.0,2189.0,81.0,2351.0,967.0,232.0,3323.0,4522.0,351.0,153.0,158.0,597.0,317.0,3.0,21.0,2574.0,1613.0,21517.0
แพร่,Phrae,2021,1,435338.0,444496.0,8075.0,1509.0,332.0,67.9803223872,6538.598,123.0,2701.0,4.3216,0.0660936794095615,41.18292856,671.0,310.0,1084.0,1633.0,191.0,1302.0,368.0,173.0,2302.0,2135.0,113.0,218.0,182.0,286.0,137.0,0.0,13.0,1384.0,1017.0,12848.0
แม่ฮ่องสอน,Mae Hong Son,2021,1,241222.0,291682.0,5033.0,405.0,328.0,23.0010285256,12681.259,248.0,2715.75,4.3452,0.034264736647993704,39.34790971,1335.0,101.0,780.0,175.0,60.0,694.0,220.0,221.0,2094.0,1614.0,95.0,87.0,101.0,298.0,117.0,0.0,10.0,1423.0,786.0,8876.0
กระบี่,Krabi,2022,11,477456.0,519394.0,33075.0,4815.0,1447.0,110.309584004,4708.512,0.0,0.0,0.0,0.0,26.12677299,531.0,166.0,163.0,436.0,643.0,1888.0,764.0,203.0,1578.0,1561.0,222.0,144.0,288.0,544.0,35.0,1.0,2.0,725.0,1257.0,10620.0
กรุงเทพมหานคร,Bangkok,2022,13,5411503.0,8248318.0,2708223.0,2282.0,42881.0,5257.93552393,1568.737,,,,,29.72634535,158.0,3278.0,1877.0,2048.0,3277.0,14078.0,3401.0,3100.0,17592.0,15402.0,2107.0,1163.0,3069.0,5838.0,200.0,117.0,159.0,9423.0,7549.0,93678.0
กาญจนบุรี,Kanchanaburi,2022,5,816658.0,936926.0,35590.0,1207.0,5846.0,48.0890459796,19483.148,58.0,529.0,0.8464,0.004344267158469463,28.87442943,1977.0,363.0,1731.0,1689.0,8691.0,2502.0,831.0,346.0,4205.0,2741.0,310.0,251.0,328.0,1013.0,106.0,0.0,4.0,8648.0,2626.0,36385.0
กาฬสินธุ์,Kalasin,2022,7,972899.0,978321.0,2583.0,476.0,3161.0,140.831549045,6946.746,30.0,125.0,0.2,0.0028790458151197696,33.03285859,711.0,253.0,3788.0,2301.0,3443.0,4738.0,4079.0,233.0,3326.0,5124.0,142.0,101.0,147.0,646.0,111.0,2.0,5.0,4685.0,2386.0,35510.0
กำแพงเพชร,Kamphaeng Phet,2022,3,708881.0,727663.0,16667.0,483.0,1738.0,84.5383497396,8607.49,8.0,283.0,0.45280000000000004,0.0052605347203424,31.52596132,879.0,180.0,2037.0,1090.0,2568.0,1996.0,922.0,218.0,3270.0,2316.0,121.0,179.0,122.0,535.0,143.0,0.0,5.0,4986.0,2326.0,23014.0
ขอนแก่น,Khon Kaen,2022,7,1784046.0,1815934.0,28375.0,,2918.0,166.81384359,10885.991,33.0,441.0,0.7056,0.006481724998670309,30.97344888,1097.0,2234.0,4755.0,3906.0,7331.0,9220.0,4027.0,1212.0,9581.0,13259.0,641.0,372.0,911.0,1970.0,271.0,22.0,24.0,8723.0,5823.0,74282.0
จันทบุรี,Chanthaburi,2022,6,532375.0,593873.0,55723.0,214.0,1792.0,93.7003786683,6338.0,0.0,0.0,0.0,0.0,26.920582,650.0,420.0,980.0,582.0,1199.0,2000.0,769.0,513.0,3214.0,2624.0,252.0,324.0,209.0,803.0,169.0,14.0,4.0,3734.0,2105.0,19915.0
ฉะเชิงเทรา,Chachoengsao,2022,6,721389.0,838906.0,103268.0,2253.0,6698.0,156.775555971,5351.0,0.0,0.0,0.0,0.0,29.46612344,527.0,434.0,1387.0,1083.0,1658.0,2048.0,994.0,366.0,3423.0,1914.0,332.0,241.0,199.0,1197.0,83.0,4.0,5.0,3735.0,1876.0,20979.0
ชลบุรี,Chon Buri,2022,6,1566895.0,2201275.0,600633.0,2883.0,3001.0,504.532431813,4363.0,31.0,390.0,0.624,0.014302085720834287,32.89862778,453.0,901.0,1411.0,991.0,1283.0,3405.0,1916.0,594.0,5914.0,5244.0,580.0,327.0,757.0,1206.0,165.0,3.0,76.0,8001.0,4290.0,37064.0
ชัยนาท,Chai Nat,2022,3,319015.0,342500.0,15557.0,3204.0,5431.0,138.678228449,2469.746,,,,,30.43226846,259.0,345.0,414.0,705.0,690.0,1209.0,377.0,53.0,2356.0,2718.0,54.0,24.0,50.0,155.0,46.0,3.0,6.0,6059.0,975.0,16239.0
ชัยภูมิ,Chaiyaphum,2022,9,1118897.0,1132834.0,12914.0,1263.0,732.0,88.6530408966,12778.287,61.0,1545.0,2.472,0.019345316003623957,29.74652222,1302.0,321.0,3606.0,2892.0,4507.0,4536.0,2992.0,254.0,6015.0,4361.0,256.0,241.0,271.0,1091.0,115.0,1.0,11.0,4753.0,2739.0,38962.0
ชุมพร,Chumphon,2022,11,505366.0,564894.0,51988.0,862.0,2659.0,93.9947076873,6009.849,0.0,0.0,0.0,0.0,30.88996608,601.0,296.0,474.0,1103.0,1108.0,2091.0,986.0,373.0,2425.0,2385.0,270.0,143.0,288.0,942.0,55.0,0.0,3.0,3181.0,1918.0,18041.0
ตรัง,Trang,2022,12,637594.0,663378.0,24387.0,360.0,425.0,134.900953103,4917.519,0.0,0.0,0.0,0.0,24.53986814,474.0,315.0,885.0,879.0,3709.0,2445.0,1258.0,437.0,3900.0,3762.0,52.0,82.0,177.0,796.0,137.0,0.0,6.0,1689.0,2015.0,22544.0
ตราด,Trat,2022,6,218424.0,266366.0,36907.0,1177.0,474.0,94.4895352962,2819.0,0.0,0.0,0.0,0.0,26.90549556,289.0,169.0,494.0,407.0,467.0,762.0,343.0,103.0,1456.0,979.0,105.0,177.0,60.0,243.0,36.0,0.0,0.0,1294.0,812.0,7907.0
ตาก,Tak,2022,2,546129.0,733091.0,48902.0,49.0,,44.6825525016,16406.65,65.0,1195.0,1.9120000000000001,0.01165381110708158,28.39488349,1781.0,265.0,1338.0,686.0,1147.0,1856.0,740.0,318.0,3295.0,2279.0,113.0,699.0,272.0,718.0,47.0,3.0,0.0,2150.0,1773.0,17699.0
นครนายก,Nakhon Nayok,2022,4,259001.0,286534.0,13225.0,2828.0,10075.0,135.030160226,2122.0,1.0,2.0,0.0032,0.00015080113100848257,27.68592429,220.0,284.0,382.0,582.0,3348.0,970.0,194.0,158.0,1232.0,1311.0,120.0,98.0,202.0,418.0,30.0,1.0,5.0,1307.0,755.0,11397.0
นครปฐม,Nakhon Pathom,2022,5,910741.0,1249516.0,292676.0,8498.0,26460.0,576.258101292,2168.327,,,,,30.58394942,222.0,627.0,632.0,379.0,2648.0,1963.0,912.0,420.0,3089.0,2756.0,201.0,236.0,283.0,1087.0,99.0,4.0,12.0,4844.0,2385.0,22577.0
นครพนม,Nakhon Phanom,2022,8,715169.0,724981.0,7655.0,,679.0,131.511819685,5512.668,47.0,541.0,0.8656,0.01570201579344158,31.14949536,579.0,204.0,1342.0,1193.0,619.0,4469.0,1420.0,332.0,2382.0,2978.0,211.0,72.0,487.0,1144.0,74.0,0.0,32.0,2264.0,1824.0,21047.0
นครราชสีมา,Nakhon Ratchasima,2022,9,2627292.0,2724389.0,81738.0,11905.0,688.0,132.936165985,20493.964,28.0,1109.0,1.7744,0.008658159056003025,29.86953597,2118.0,2182.0,12082.0,3222.0,12139.0,11530.0,5285.0,1757.0,17180.0,13507.0,875.0,536.0,1039.0,2964.0,300.0,10.0,27.0,16565.0,7752.0,108952.0
นครศรีธรรมราช,Nakhon Si Thammarat,2022,11,1544277.0,1603561.0,49657.0,4083.0,4674.0,161.283447567,9942.502,0.0,0.0,0.0,0.0,28.01257522,984.0,857.0,811.0,1950.0,2582.0,5481.0,3352.0,1071.0,5265.0,8392.0,532.0,613.0,545.0,2181.0,126.0,1.0,19.0,9111.0,4540.0,47429.0
นครสวรรค์,Nakhon Sawan,2022,3,1029949.0,1046913.0,17259.0,,840.0,109.079832547,9597.677,3.0,70.0,0.112,0.0011669490440238822,30.44061244,973.0,449.0,1539.0,1155.0,1472.0,4516.0,2318.0,449.0,7813.0,7777.0,325.0,230.0,443.0,1713.0,153.0,7.0,25.0,8897.0,3302.0,42583.0
นนทบุรี,Nonthaburi,2022,4,1282096.0,1994662.0,451306.0,56962.0,190478.0,3205.2906703,622.303,,,,,27.80852966,63.0,1040.0,1255.0,924.0,1520.0,9206.0,1384.0,2763.0,10460.0,7105.0,890.0,359.0,973.0,1870.0,205.0,13.0,19.0,6965.0,2657.0,49608.0
นราธิวาส,Narathiwat,2022,12,810685.0,820888.0,5123.0,1374.0,270.0,183.421034403,4475.43,0.0,0.0,0.0,0.0,24.41993302,445.0,124.0,108.0,263.0,6128.0,2952.0,1030.0,161.0,3122.0,2773.0,189.0,229.0,196.0,522.0,55.0,1.0,16.0,2459.0,1376.0,21704.0
น่าน,Nan,2022,1,473414.0,475798.0,1132.0,127.0,,41.47446076,11472.072,39.0,986.0,1.5776000000000001,0.013751657067703201,29.33343605,1270.0,289.0,1985.0,1803.0,835.0,1798.0,635.0,453.0,3134.0,4097.0,284.0,103.0,256.0,2056.0,58.0,7.0,9.0,3568.0,1925.0,23295.0
บึงกาฬ,Bueng Kan,2022,8,421042.0,427449.0,3059.0,691.0,2015.0,99.2912891986,4305.0,3.0,5.75,0.0092,0.00021370499419279905,32.23256091,410.0,138.0,804.0,1896.0,766.0,2187.0,700.0,120.0,1179.0,979.0,68.0,22.0,133.0,218.0,60.0,0.0,54.0,1298.0,1036.0,11658.0
บุรีรัมย์,Buri Ram,2022,9,1576213.0,1592027.0,13429.0,736.0,947.0,154.223068454,10322.885,2.0,23.0,0.0368,0.00035648948913021895,31.18380521,1023.0,969.0,5803.0,2985.0,1752.0,8953.0,2873.0,651.0,7380.0,4890.0,362.0,448.0,333.0,2450.0,333.0,5.0,20.0,5784.0,5322.0,51313.0
ปทุมธานี,Pathum Thani,2022,4,1185816.0,1869514.0,545247.0,11722.0,111013.0,1225.22308789,1525.856,,,,,28.09063421,151.0,310.0,973.0,1069.0,2812.0,2284.0,650.0,361.0,3837.0,2565.0,185.0,228.0,303.0,822.0,91.0,1.0,11.0,5004.0,1937.0,23443.0
ประจวบคีรีขันธ์,Prachuap Khiri Khan,2022,5,540584.0,596189.0,40197.0,1517.0,1177.0,93.6282315842,6367.62,6.0,36.0,0.057600000000000005,0.0009045765921961424,31.16754423,646.0,347.0,516.0,986.0,1021.0,2101.0,507.0,337.0,3042.0,2000.0,418.0,197.0,361.0,1024.0,93.0,2.0,1.0,1781.0,1667.0,16401.0
ปราจีนบุรี,Prachin Buri,2022,6,495456.0,594136.0,94173.0,233.0,1952.0,124.756580873,4762.362,7.0,520.0,0.8320000000000001,0.017470322499633588,28.10573736,509.0,290.0,1189.0,458.0,934.0,1653.0,359.0,126.0,1554.0,1564.0,123.0,82.0,134.0,432.0,48.0,1.0,0.0,2808.0,1416.0,13171.0
ปัตตานี,Pattani,2022,12,729701.0,752455.0,14611.0,2356.0,2533.0,387.792240187,1940.356,0.0,0.0,0.0,0.0,24.94876004,201.0,189.0,2577.0,298.0,3247.0,2689.0,523.0,324.0,1956.0,2924.0,177.0,181.0,189.0,272.0,37.0,0.0,4.0,1831.0,1040.0,18458.0
พระนครศรีอยุธยา,Phra Nakhon Si Ayutthaya,2022,4,818325.0,1029363.0,190289.0,8214.0,10443.0,402.623365042,2556.64,,,,,30.61852426,264.0,337.0,981.0,1538.0,1504.0,2268.0,1083.0,448.0,3889.0,2976.0,218.0,138.0,278.0,715.0,118.0,1.0,3.0,3465.0,1601.0,21561.0
พะเยา,Phayao,2022,1,460520.0,466431.0,4156.0,,844.0,73.6269269746,6335.06,32.0,745.0,1.192,0.018815922816832042,32.4081916,646.0,245.0,1452.0,651.0,924.0,2025.0,749.0,276.0,3961.0,2883.0,175.0,201.0,269.0,735.0,66.0,0.0,3.0,4545.0,1521.0,20681.0
พังงา,Phangnga,2022,11,263634.0,289606.0,19276.0,895.0,1993.0,69.4349773849,4170.895,0.0,0.0,0.0,0.0,24.63938421,454.0,196.0,304.0,505.0,598.0,1248.0,357.0,170.0,1920.0,1388.0,82.0,158.0,59.0,420.0,36.0,10.0,1.0,1569.0,720.0,9741.0
พัทลุง,Phatthalung,2022,12,521739.0,538412.0,7716.0,6046.0,3031.0,157.2247759,3424.473,0.0,0.0,0.0,0.0,26.40462014,384.0,271.0,409.0,772.0,834.0,1702.0,1064.0,533.0,3472.0,4115.0,104.0,239.0,129.0,633.0,79.0,1.0,8.0,3101.0,1398.0,18864.0
พิจิตร,Phichit,2022,3,527051.0,537679.0,6694.0,4250.0,791.0,118.666399765,4531.013,,,,,30.74749824,446.0,245.0,883.0,783.0,486.0,1917.0,1046.0,203.0,2895.0,2181.0,144.0,449.0,226.0,666.0,38.0,0.0,0.0,4124.0,1339.0,17625.0
พิษณุโลก,Phitsanulok,2022,2,844247.0,911213.0,62186.0,798.0,3735.0,84.2479012753,10815.854,18.0,373.0,0.5968,0.005517825961777961,29.75868442,1086.0,1512.0,1686.0,1871.0,2364.0,3235.0,844.0,583.0,6159.0,4907.0,392.0,473.0,708.0,2526.0,103.0,1.0,7.0,8261.0,3052.0,38684.0
ภูเก็ต,Phuket,2022,11,407175.0,549246.0,128567.0,534.0,2254.0,1011.43943105,543.034,0.0,0.0,0.0,0.0,26.69546274,52.0,398.0,247.0,175.0,752.0,793.0,505.0,541.0,1986.0,1814.0,215.0,194.0,586.0,1032.0,27.0,5.0,3.0,1280.0,1348.0,11901.0
มหาสารคาม,Maha Sarakham,2022,7,945678.0,979143.0,24067.0,2017.0,8454.0,185.034326508,5291.683,0.0,0.0,0.0,0.0,30.03972344,571.0,568.0,7653.0,2026.0,11436.0,2898.0,2143.0,242.0,4067.0,2917.0,142.0,101.0,224.0,691.0,61.0,6.0,4.0,2838.0,2485.0,40502.0
มุกดาหาร,Mukdahan,2022,8,348576.0,363323.0,7831.0,2919.0,985.0,83.7182562451,4339.83,57.0,438.23,0.701168,0.016156577561793894,32.93502849,417.0,151.0,867.0,857.0,429.0,2440.0,1346.0,130.0,2770.0,1124.0,49.0,302.0,176.0,958.0,11.0,10.0,2.0,968.0,1077.0,13667.0
ยะลา,Yala,2022,12,542592.0,558847.0,12446.0,213.0,275.0,123.609236558,4521.078,0.0,0.0,0.0,0.0,22.91381661,446.0,130.0,140.0,275.0,724.0,1793.0,548.0,310.0,2324.0,2484.0,165.0,163.0,253.0,495.0,17.0,0.0,7.0,2039.0,1195.0,13062.0
ยโสธร,Yasothon,2022,10,532144.0,536729.0,1022.0,2348.0,1760.0,128.969806308,4161.664,17.0,173.0,0.2768,0.006651185679574324,32.94912491,422.0,158.0,1905.0,1488.0,2171.0,3585.0,1587.0,155.0,3161.0,2360.0,428.0,230.0,178.0,1381.0,28.0,3.0,0.0,1771.0,1894.0,22483.0
ระนอง,Ranong,2022,11,179550.0,276645.0,79790.0,2038.0,591.0,83.8815116228,3298.045,0.0,0.0,0.0,0.0,26.24848531,324.0,55.0,141.0,250.0,228.0,663.0,348.0,103.0,1665.0,986.0,58.0,8.0,145.0,268.0,14.0,2.0,0.0,850.0,532.0,6316.0
ระยอง,Rayong,2022,6,747735.0,1026191.0,259628.0,764.0,6413.0,288.905123874,3552.0,1.0,3.0,0.0048000000000000004,0.00013513513513513516,31.33316355,373.0,998.0,713.0,823.0,706.0,1357.0,1133.0,390.0,2805.0,4470.0,107.0,102.0,187.0,574.0,175.0,2.0,13.0,3402.0,2609.0,20566.0
ราชบุรี,Ratchaburi,2022,5,840438.0,933151.0,53596.0,1713.0,12035.0,179.574294972,5196.462,1.0,10.0,0.016,0.0003079017993396276,30.48512353,527.0,374.0,820.0,870.0,1309.0,2300.0,1058.0,577.0,4765.0,3432.0,293.0,531.0,588.0,1568.0,89.0,15.0,43.0,4642.0,2609.0,25883.0
ร้อยเอ็ด,Roi Et,2022,7,1292363.0,1296093.0,3114.0,1660.0,188.0,156.166150307,8299.449,24.0,171.0,0.2736,0.0032966043890383565,32.06766821,801.0,365.0,3348.0,2875.0,2507.0,7129.0,3500.0,259.0,4301.0,5407.0,368.0,136.0,537.0,1927.0,188.0,0.0,12.0,5099.0,3665.0,41623.0
ลพบุรี,Lop Buri,2022,4,735954.0,782894.0,38016.0,823.0,8762.0,126.278256569,6199.753,0.0,0.0,0.0,0.0,29.7976539,663.0,538.0,963.0,1127.0,869.0,2465.0,982.0,199.0,4136.0,3591.0,286.0,622.0,412.0,1097.0,136.0,0.0,1.0,4978.0,1805.0,24207.0
ลำปาง,Lampang,2022,1,718966.0,727505.0,7426.0,,1289.0,58.0427049358,12533.961,152.0,2937.0,4.6992,0.03749173944294226,30.10689165,1301.0,819.0,2210.0,1646.0,725.0,3043.0,1454.0,483.0,4993.0,7651.0,739.0,1198.0,465.0,3076.0,83.0,2.0,2.0,5310.0,3369.0,37268.0
ลำพูน,Lamphun,2022,1,397303.0,436989.0,33327.0,770.0,3335.0,96.9819005469,4505.882,184.0,5298.0,8.4768,0.18812742987943318,28.53984914,465.0,503.0,1266.0,885.0,700.0,1808.0,480.0,254.0,6314.0,3020.0,248.0,623.0,144.0,990.0,67.0,0.0,8.0,3527.0,1788.0,22625.0
ศรีสะเกษ,Si Sa Ket,2022,10,1454826.0,1458736.0,3480.0,,526.0,165.015832622,8839.976,8.0,78.85,0.12616,0.0014271531958910293,32.507686,900.0,947.0,7046.0,2839.0,2958.0,8073.0,5068.0,453.0,7027.0,8669.0,522.0,197.0,453.0,2411.0,125.0,4.0,13.0,5809.0,4324.0,56938.0
สกลนคร,Sakon Nakhon,2022,8,1144634.0,1153512.0,7412.0,,913.0,120.085398725,9605.764,74.0,373.0,0.5968,0.006212936316153511,30.44404878,990.0,349.0,11210.0,2182.0,13240.0,5911.0,1846.0,342.0,4726.0,2807.0,192.0,108.0,183.0,630.0,116.0,4.0,121.0,5231.0,2994.0,52192.0
สงขลา,Songkhla,2022,12,1421462.0,1527153.0,94659.0,,1431.0,191.519099702,7973.894,0.0,0.0,0.0,0.0,25.7794286,770.0,1192.0,1755.0,2761.0,10638.0,5839.0,3143.0,1993.0,10432.0,10815.0,629.0,562.0,1125.0,3148.0,196.0,15.0,6.0,7991.0,4314.0,66554.0
สตูล,Satun,2022,12,324534.0,338822.0,12569.0,519.0,431.0,136.678153932,2478.977,0.0,0.0,0.0,0.0,25.45979514,306.0,127.0,90.0,178.0,822.0,1068.0,456.0,186.0,1844.0,2288.0,101.0,150.0,88.0,330.0,27.0,0.0,5.0,1581.0,735.0,10076.0
สมุทรปราการ,Samut Prakan,2022,6,1339787.0,2148627.0,637733.0,43172.0,107495.0,2139.8706493,1004.092,,,,,33.39099953,99.0,355.0,740.0,570.0,593.0,2567.0,690.0,339.0,4377.0,3973.0,1139.0,882.0,3904.0,5095.0,118.0,7.0,58.0,4289.0,2387.0,32083.0
สมุทรสงคราม,Samut Songkhram,2022,5,188382.0,213958.0,15753.0,1749.0,7003.0,513.449498089,416.707,,,,,31.65509121,43.0,122.0,76.0,217.0,1657.0,714.0,178.0,75.0,834.0,757.0,48.0,41.0,87.0,371.0,16.0,0.0,0.0,962.0,420.0,6575.0
สมุทรสาคร,Samut Sakhon,2022,5,554680.0,1081644.0,457452.0,21369.0,13395.0,1239.92402106,872.347,,,,,32.24451986,88.0,645.0,622.0,286.0,386.0,1235.0,673.0,294.0,3688.0,2838.0,323.0,686.0,557.0,1968.0,118.0,1.0,44.0,2708.0,1461.0,18533.0
สระบุรี,Saraburi,2022,4,636984.0,762892.0,102268.0,13741.0,8301.0,213.307699233,3576.486,23.0,475.0,0.76,0.02124990842967091,31.20121772,353.0,463.0,2927.0,391.0,732.0,2684.0,530.0,277.0,3757.0,2802.0,222.0,531.0,336.0,1126.0,105.0,1.0,3.0,5077.0,1916.0,23880.0
สระแก้ว,Sa Kaeo,2022,6,557889.0,612736.0,40430.0,451.0,9039.0,85.1562017924,7195.436,0.0,0.0,0.0,0.0,29.86727794,691.0,172.0,1308.0,864.0,1016.0,2428.0,961.0,306.0,2190.0,1901.0,309.0,111.0,318.0,572.0,54.0,2.0,5.0,2111.0,1167.0,15795.0
สิงห์บุรี,Sing Buri,2022,4,203368.0,221502.0,12400.0,1538.0,4767.0,269.310546908,822.478,,,,,30.93630285,82.0,495.0,307.0,323.0,227.0,803.0,400.0,128.0,2678.0,1768.0,79.0,50.0,73.0,350.0,31.0,0.0,6.0,3373.0,532.0,11623.0
สุพรรณบุรี,Suphan Buri,2022,5,830485.0,854181.0,12977.0,5228.0,5281.0,159.421374511,5358.008,8.0,51.0,0.0816,0.0015229540530734558,31.4329572,552.0,632.0,854.0,1275.0,1590.0,2432.0,820.0,290.0,4808.0,3095.0,327.0,229.0,253.0,1093.0,140.0,3.0,5.0,5716.0,2607.0,26169.0
สุราษฎร์ธานี,Surat Thani,2022,11,1064655.0,1184347.0,109636.0,1048.0,,91.8706006274,12891.469,0.0,0.0,0.0,0.0,27.80864835,1313.0,899.0,1567.0,2833.0,4124.0,5592.0,2342.0,1021.0,6730.0,7951.0,570.0,349.0,291.0,1424.0,185.0,5.0,15.0,7299.0,3875.0,47072.0
สุรินทร์,Surin,2022,9,1373026.0,1393904.0,16368.0,781.0,3845.0,171.577350033,8124.056,4.0,23.0,0.0368,0.00045297570573122595,31.98744239,904.0,576.0,5165.0,1882.0,3205.0,6476.0,2732.0,234.0,9168.0,5119.0,239.0,255.0,336.0,1682.0,142.0,2.0,11.0,6722.0,3593.0,47539.0
สุโขทัย,Sukhothai,2022,2,582772.0,611693.0,17783.0,3726.0,8532.0,92.7356683321,6596.092,1.0,40.0,0.064,0.0009702714880265468,32.01690979,692.0,405.0,1071.0,2094.0,747.0,2059.0,596.0,248.0,3989.0,2103.0,197.0,167.0,198.0,299.0,57.0,0.0,9.0,3173.0,1561.0,18973.0
หนองคาย,Nong Khai,2022,8,511509.0,533064.0,11201.0,3963.0,2105.0,176.086784176,3027.28,1.0,15.0,0.024,0.0007927908881900583,31.96262747,344.0,94.0,786.0,828.0,897.0,1765.0,1016.0,145.0,1801.0,1201.0,131.0,51.0,211.0,383.0,55.0,1.0,1.0,2628.0,1264.0,13258.0
หนองบัวลำภู,Nong Bua Lam Phu,2022,8,508016.0,523813.0,13379.0,1582.0,527.0,135.734990099,3859.086,84.0,2611.0,4.1776,0.108253612383865,30.96721756,425.0,662.0,850.0,529.0,594.0,2061.0,692.0,95.0,2122.0,1514.0,99.0,39.0,73.0,205.0,37.0,0.0,0.0,1225.0,1011.0,11808.0
อำนาจเจริญ,Amnat Charoen,2022,10,375099.0,382348.0,5697.0,672.0,597.0,120.948435555,3161.248,17.0,166.0,0.2656,0.008401745133567503,31.33246346,335.0,74.0,948.0,828.0,347.0,2244.0,742.0,144.0,1975.0,1909.0,72.0,123.0,142.0,774.0,29.0,1.0,1.0,1655.0,1087.0,13095.0
อุดรธานี,Udon Thani,2022,8,1557282.0,1567413.0,3887.0,,478.0,133.620856479,11730.302,28.0,498.0,0.7968000000000001,0.006792663991089062,30.99277379,1136.0,714.0,3028.0,2935.0,2417.0,6458.0,1784.0,531.0,4410.0,4470.0,304.0,144.0,399.0,547.0,75.0,1.0,3.0,5428.0,4282.0,37930.0
อุตรดิตถ์,Uttaradit,2022,2,443428.0,451834.0,8052.0,,833.0,57.6422398308,7838.592,28.0,286.0,0.4576,0.005837783112069107,29.96761337,814.0,496.0,1046.0,1127.0,909.0,1700.0,532.0,312.0,3899.0,1788.0,269.0,469.0,288.0,1874.0,42.0,11.0,2.0,2541.0,1674.0,18979.0
อุทัยธานี,Uthai Thani,2022,3,324019.0,328641.0,3773.0,114.0,894.0,48.8304587975,6730.246,1.0,5.0,0.008,0.00011886638319015381,30.44258595,675.0,240.0,1003.0,1310.0,822.0,1026.0,648.0,91.0,2037.0,1756.0,137.0,37.0,62.0,236.0,45.0,3.0,3.0,5494.0,1094.0,16044.0
อุบลราชธานี,Ubon Ratchathani,2022,10,1860591.0,1898261.0,28455.0,,,120.341130975,15774.0,59.0,618.42,0.989472,0.006272803347280334,32.18448054,1589.0,1203.0,4107.0,2698.0,3664.0,7113.0,2735.0,477.0,8332.0,10935.0,404.0,203.0,382.0,3546.0,63.0,1.0,8.0,10672.0,7618.0,64161.0
อ่างทอง,Ang Thong,2022,4,273259.0,306460.0,12865.0,2538.0,18470.0,316.469290727,968.372,,,,,31.85936922,99.0,190.0,4715.0,634.0,3998.0,1140.0,199.0,160.0,2493.0,1147.0,177.0,121.0,310.0,454.0,34.0,0.0,3.0,1563.0,525.0,17863.0
เชียงราย,Chiang Rai,2022,1,1167752.0,1304960.0,4678.0,,646.0,111.741631045,11678.369,36.0,638.26,1.0212160000000001,0.008744508758029483,34.18629553,1214.0,756.0,3129.0,2645.0,4103.0,4901.0,1343.0,631.0,9964.0,6800.0,340.0,591.0,639.0,2645.0,159.0,2.0,12.0,5194.0,4382.0,48236.0
เชียงใหม่,Chiang Mai,2022,1,1630307.0,1912136.0,119251.0,,411.0,95.0977559769,20107.057,802.0,11241.07,17.985712,0.08944974891153887,28.40333978,2305.0,3001.0,6581.0,3420.0,7816.0,6965.0,2687.0,2593.0,21574.0,14833.0,1076.0,1868.0,2698.0,6892.0,181.0,28.0,58.0,14053.0,8219.0,104543.0
เพชรบุรี,Phetchaburi,2022,5,478702.0,529704.0,39025.0,3936.0,3793.0,85.0911256907,6225.138,2.0,16.0,0.0256,0.0004112358633655993,31.41718616,625.0,190.0,286.0,676.0,347.0,1695.0,314.0,172.0,2395.0,1181.0,124.0,130.0,152.0,774.0,112.0,5.0,2.0,2333.0,1233.0,12121.0
เพชรบูรณ์,Phetchabun,2022,2,973899.0,998970.0,18111.0,1749.0,5724.0,78.8551623186,12668.416,7.0,52.0,0.08320000000000001,0.0006567514044376188,28.35131937,1271.0,293.0,1478.0,1894.0,1709.0,3631.0,1591.0,246.0,4438.0,2931.0,514.0,298.0,285.0,823.0,101.0,0.0,6.0,5980.0,2238.0,28456.0
เลย,Loei,2022,8,633990.0,649558.0,10164.0,354.0,1699.0,56.8560227691,11424.612,18.0,254.0,0.40640000000000004,0.0035572324031660774,30.37185013,1081.0,345.0,2411.0,3050.0,2432.0,4141.0,1700.0,326.0,3857.0,6282.0,218.0,267.0,252.0,888.0,121.0,2.0,23.0,4105.0,2049.0,32469.0
แพร่,Phrae,2022,1,431977.0,444040.0,13015.0,280.0,76.0,67.9105826662,6538.598,76.0,1118.0,1.7888000000000002,0.02735754667896696,31.14304092,671.0,250.0,1490.0,2314.0,779.0,2216.0,632.0,290.0,3008.0,3513.0,120.0,319.0,284.0,498.0,65.0,1.0,5.0,3111.0,1599.0,20494.0
แม่ฮ่องสอน,Mae Hong Son,2022,1,241865.0,290897.0,3692.0,134.0,285.0,22.9391261546,12681.259,182.0,1693.0,2.7088,0.02136065512107276,30.81336886,1335.0,71.0,948.0,128.0,683.0,860.0,316.0,115.0,2836.0,2021.0,46.0,68.0,72.0,256.0,67.0,0.0,2.0,2366.0,985.0,11840.0
กระบี่,Krabi,2023,11,478842.0,,,,,,,0.0,0.0,0.0,,,,297.0,324.0,1021.0,1090.0,2407.0,1050.0,350.0,2227.0,2543.0,374.0,237.0,392.0,812.0,256.0,2.0,6.0,1910.0,1703.0,17001.0
กรุงเทพมหานคร,Bangkok,2023,13,5383238.0,,,,,,,,,,,,,4495.0,3006.0,2601.0,4200.0,15415.0,3490.0,3545.0,17040.0,16454.0,2640.0,1188.0,3557.0,5853.0,1565.0,87.0,169.0,16369.0,6959.0,108633.0
กาญจนบุรี,Kanchanaburi,2023,5,816650.0,,,,,,,246.0,2329.0,3.7264000000000004,,,,697.0,1341.0,2077.0,3140.0,2431.0,822.0,362.0,4151.0,3166.0,350.0,357.0,346.0,924.0,725.0,2.0,10.0,9052.0,2614.0,32567.0
กาฬสินธุ์,Kalasin,2023,7,969096.0,,,,,,,49.0,265.0,0.42400000000000004,,,,757.0,2446.0,4145.0,2094.0,5765.0,4648.0,428.0,4488.0,7249.0,372.0,214.0,368.0,1115.0,560.0,11.0,18.0,6687.0,3283.0,44648.0
กำแพงเพชร,Kamphaeng Phet,2023,3,705257.0,,,,,,,279.0,10580.0,16.928,,,,602.0,2836.0,1744.0,2806.0,2243.0,909.0,303.0,3274.0,3056.0,314.0,256.0,267.0,862.0,537.0,1.0,8.0,4883.0,2601.0,27502.0
ขอนแก่น,Khon Kaen,2023,7,1778210.0,,,,,,,109.0,1219.0,1.9504000000000001,,,,2594.0,6871.0,6801.0,6184.0,9256.0,4471.0,933.0,9267.0,14243.0,969.0,707.0,1089.0,2676.0,1184.0,16.0,71.0,13589.0,6340.0,87261.0
จันทบุรี,Chanthaburi,2023,6,532002.0,,,,,,,4.0,41.0,0.0656,,,,668.0,1474.0,874.0,1676.0,2511.0,970.0,720.0,4136.0,3677.0,380.0,448.0,298.0,997.0,745.0,16.0,9.0,5086.0,2542.0,27227.0
ฉะเชิงเทรา,Chachoengsao,2023,6,724554.0,,,,,,,2.0,3.0,0.0048000000000000004,,,,722.0,1538.0,1572.0,1888.0,2568.0,1128.0,470.0,3976.0,2810.0,535.0,422.0,378.0,1583.0,457.0,5.0,14.0,5531.0,2579.0,28176.0
ชลบุรี,Chon Buri,2023,6,1583600.0,,,,,,,37.0,349.0,0.5584,,,,1174.0,2168.0,1808.0,2182.0,4769.0,2404.0,796.0,6848.0,7502.0,1021.0,556.0,1319.0,1795.0,1093.0,6.0,113.0,12328.0,5266.0,53148.0
ชัยนาท,Chai Nat,2023,3,316902.0,,,,,,,,,,,,,987.0,635.0,1211.0,946.0,1628.0,620.0,130.0,3406.0,3807.0,240.0,76.0,171.0,462.0,246.0,9.0,11.0,7982.0,1327.0,23894.0
ชัยภูมิ,Chaiyaphum,2023,9,1114376.0,,,,,,,121.0,3937.0,6.2992,,,,1395.0,4890.0,5095.0,4688.0,5663.0,3598.0,552.0,8016.0,7363.0,548.0,371.0,510.0,1620.0,750.0,4.0,33.0,7879.0,3979.0,56954.0
ชุมพร,Chumphon,2023,11,505144.0,,,,,,,0.0,0.0,0.0,,,,422.0,675.0,1914.0,1729.0,2289.0,1128.0,449.0,2793.0,2999.0,376.0,153.0,257.0,818.0,295.0,3.0,4.0,3781.0,1997.0,22082.0
ตรัง,Trang,2023,12,636244.0,,,,,,,0.0,0.0,0.0,,,,538.0,1303.0,1440.0,3356.0,3098.0,1660.0,619.0,4924.0,5154.0,226.0,139.0,249.0,1042.0,626.0,0.0,7.0,2676.0,2582.0,29639.0
ตราด,Trat,2023,6,217780.0,,,,,,,1.0,10.0,0.016,,,,279.0,950.0,658.0,961.0,996.0,505.0,192.0,1900.0,1487.0,170.0,350.0,131.0,415.0,189.0,2.0,2.0,2146.0,1262.0,12595.0
ตาก,Tak,2023,2,547644.0,,,,,,,337.0,12123.0,19.396800000000002,,,,621.0,1835.0,1413.0,1335.0,2543.0,831.0,385.0,3620.0,3286.0,270.0,891.0,391.0,856.0,355.0,8.0,0.0,3301.0,2137.0,24078.0
นครนายก,Nakhon Nayok,2023,4,258853.0,,,,,,,5.0,758.0,1.2128,,,,308.0,500.0,790.0,1467.0,1076.0,209.0,147.0,949.0,1236.0,134.0,76.0,127.0,276.0,148.0,1.0,27.0,1692.0,795.0,9958.0
นครปฐม,Nakhon Pathom,2023,5,911606.0,,,,,,,,,,,,,1157.0,975.0,1097.0,1860.0,3546.0,1274.0,808.0,4980.0,4722.0,547.0,455.0,612.0,1915.0,552.0,8.0,33.0,6095.0,3140.0,33776.0
นครพนม,Nakhon Phanom,2023,8,713740.0,,,,,,,95.0,760.0,1.216,,,,616.0,2044.0,2380.0,1135.0,5083.0,1889.0,445.0,3108.0,4283.0,500.0,126.0,703.0,1466.0,387.0,3.0,26.0,4036.0,2369.0,30599.0
นครราชสีมา,Nakhon Ratchasima,2023,9,2622941.0,,,,,,,34.0,1987.0,3.1792000000000002,,,,3617.0,18088.0,5141.0,17849.0,11907.0,6158.0,1954.0,19230.0,16055.0,1996.0,760.0,1433.0,3856.0,2391.0,14.0,40.0,20654.0,8889.0,140032.0
นครศรีธรรมราช,Nakhon Si Thammarat,2023,11,1540041.0,,,,,,,28.0,10346.81,16.554896,,,,1800.0,1559.0,3994.0,4812.0,8045.0,4719.0,1647.0,8657.0,12585.0,963.0,930.0,711.0,2837.0,1047.0,3.0,33.0,13684.0,6073.0,74099.0
นครสวรรค์,Nakhon Sawan,2023,3,1023365.0,,,,,,,50.0,3020.0,4.832,,,,1706.0,2347.0,2223.0,1951.0,4382.0,2433.0,465.0,7192.0,7931.0,618.0,316.0,468.0,1865.0,873.0,4.0,21.0,10561.0,3628.0,48984.0
นนทบุรี,Nonthaburi,2023,4,1291795.0,,,,,,,,,,,,,1581.0,925.0,651.0,1446.0,4127.0,970.0,1532.0,7373.0,6730.0,1028.0,485.0,1066.0,2240.0,592.0,15.0,30.0,9669.0,2823.0,43283.0
นราธิวาส,Narathiwat,2023,12,815450.0,,,,,,,0.0,0.0,0.0,,,,259.0,226.0,659.0,6472.0,3605.0,1288.0,283.0,4084.0,4513.0,357.0,360.0,322.0,712.0,249.0,2.0,27.0,3779.0,1881.0,29078.0
น่าน,Nan,2023,1,471834.0,,,,,,,200.0,3477.0,5.5632,,,,395.0,2589.0,2693.0,1207.0,1611.0,800.0,520.0,3715.0,4980.0,488.0,170.0,324.0,2229.0,347.0,9.0,8.0,4062.0,2129.0,28276.0
บึงกาฬ,Bueng Kan,2023,8,420251.0,,,,,,,13.0,368.13,0.589008,,,,251.0,1063.0,2911.0,1100.0,2018.0,826.0,138.0,1362.0,1508.0,122.0,35.0,200.0,363.0,301.0,1.0,41.0,2231.0,1213.0,15684.0
บุรีรัมย์,Buri Ram,2023,9,1572795.0,,,,,,,15.0,114.0,0.1824,,,,1644.0,9515.0,4990.0,4167.0,9535.0,3853.0,934.0,10105.0,7480.0,1291.0,638.0,538.0,3355.0,1221.0,6.0,22.0,9393.0,6907.0,75594.0
ปทุมธานี,Pathum Thani,2023,4,1199942.0,,,,,,,,,,,,,746.0,694.0,594.0,1666.0,3293.0,826.0,677.0,4459.0,3841.0,462.0,300.0,605.0,1078.0,277.0,9.0,17.0,6921.0,1768.0,28233.0
ประจวบคีรีขันธ์,Prachuap Khiri Khan,2023,5,539219.0,,,,,,,70.0,2541.0,4.0656,,,,622.0,711.0,1676.0,1415.0,2613.0,597.0,422.0,3355.0,2597.0,560.0,244.0,475.0,1183.0,407.0,3.0,3.0,2662.0,2100.0,21645.0
ปราจีนบุรี,Prachin Buri,2023,6,497485.0,,,,,,,20.0,1438.0,2.3008,,,,455.0,1062.0,870.0,747.0,1717.0,504.0,200.0,1788.0,1855.0,237.0,103.0,192.0,552.0,291.0,1.0,3.0,3089.0,1639.0,15305.0
ปัตตานี,Pattani,2023,12,733484.0,,,,,,,0.0,0.0,0.0,,,,353.0,409.0,632.0,2785.0,3835.0,799.0,485.0,2843.0,5015.0,344.0,417.0,294.0,577.0,144.0,0.0,4.0,3151.0,1547.0,23634.0
พระนครศรีอยุธยา,Phra Nakhon Si Ayutthaya,2023,4,819086.0,,,,,,,,,,,,,783.0,1570.0,2965.0,2440.0,3073.0,1502.0,641.0,5160.0,4335.0,502.0,332.0,536.0,1213.0,624.0,4.0,8.0,5596.0,2254.0,33538.0
พะเยา,Phayao,2023,1,457330.0,,,,,,,217.0,3755.5,6.0088,,,,705.0,2364.0,1457.0,1226.0,2503.0,974.0,455.0,5206.0,4122.0,387.0,398.0,484.0,1159.0,459.0,2.0,5.0,7541.0,2243.0,31690.0
พังงา,Phangnga,2023,11,263376.0,,,,,,,0.0,0.0,0.0,,,,366.0,447.0,1079.0,1043.0,1531.0,567.0,257.0,2342.0,2025.0,221.0,327.0,139.0,625.0,157.0,11.0,4.0,2574.0,1135.0,14850.0
พัทลุง,Phatthalung,2023,12,520768.0,,,,,,,6.0,75.0,0.12000000000000001,,,,585.0,645.0,1344.0,1231.0,2419.0,1517.0,781.0,4277.0,5613.0,174.0,413.0,183.0,742.0,327.0,3.0,10.0,4263.0,1719.0,26246.0
พิจิตร,Phichit,2023,3,523294.0,,,,,,,,,,,,,1164.0,1064.0,1241.0,698.0,2226.0,1104.0,273.0,3183.0,2822.0,258.0,514.0,240.0,767.0,327.0,0.0,4.0,4262.0,1524.0,21671.0
พิษณุโลก,Phitsanulok,2023,2,841323.0,,,,,,,137.0,3787.25,6.0596000000000005,,,,1809.0,2228.0,3113.0,1646.0,3508.0,986.0,578.0,5425.0,4685.0,667.0,641.0,571.0,2103.0,541.0,2.0,5.0,9813.0,2827.0,41148.0
ภูเก็ต,Phuket,2023,11,410098.0,,,,,,,0.0,0.0,0.0,,,,526.0,470.0,402.0,1387.0,1164.0,740.0,711.0,2439.0,2591.0,295.0,281.0,740.0,1336.0,210.0,9.0,7.0,3248.0,1662.0,18218.0
มหาสารคาม,Maha Sarakham,2023,7,940443.0,,,,,,,0.0,0.0,0.0,,,,1110.0,5256.0,3763.0,5849.0,3965.0,2903.0,453.0,5107.0,4396.0,411.0,205.0,423.0,1106.0,301.0,24.0,19.0,5247.0,3773.0,44311.0
มุกดาหาร,Mukdahan,2023,8,348416.0,,,,,,,76.0,585.42,0.936672,,,,293.0,1272.0,1529.0,868.0,2435.0,1265.0,132.0,2788.0,1602.0,242.0,437.0,270.0,1178.0,126.0,12.0,0.0,1632.0,1303.0,17384.0
ยะลา,Yala,2023,12,546355.0,,,,,,,0.0,0.0,0.0,,,,270.0,279.0,494.0,1281.0,2317.0,811.0,413.0,3269.0,4064.0,322.0,259.0,326.0,766.0,308.0,0.0,29.0,3346.0,1603.0,20157.0
ยโสธร,Yasothon,2023,10,529864.0,,,,,,,29.0,223.0,0.3568,,,,410.0,1655.0,1782.0,1427.0,3208.0,1653.0,219.0,3112.0,2729.0,598.0,116.0,188.0,1106.0,175.0,2.0,7.0,2458.0,1804.0,22649.0
ระนอง,Ranong,2023,11,179647.0,,,,,,,0.0,0.0,0.0,,,,155.0,216.0,416.0,398.0,706.0,316.0,135.0,1645.0,1185.0,133.0,27.0,170.0,306.0,130.0,2.0,0.0,1219.0,648.0,7807.0
ระยอง,Rayong,2023,6,757570.0,,,,,,,4.0,153.0,0.24480000000000002,,,,723.0,1166.0,1315.0,1941.0,2082.0,1477.0,586.0,4001.0,5763.0,223.0,176.0,360.0,853.0,682.0,6.0,14.0,5712.0,3462.0,30542.0
ราชบุรี,Ratchaburi,2023,5,838438.0,,,,,,,80.0,681.0,1.0896000000000001,,,,1226.0,1347.0,1455.0,1925.0,2863.0,1397.0,763.0,5932.0,5046.0,679.0,859.0,720.0,1917.0,572.0,37.0,60.0,7625.0,3055.0,37478.0
ร้อยเอ็ด,Roi Et,2023,7,1286706.0,,,,,,,31.0,358.0,0.5728,,,,808.0,3766.0,3872.0,2632.0,7366.0,3550.0,323.0,5314.0,6334.0,499.0,167.0,571.0,1940.0,509.0,2.0,23.0,7392.0,3917.0,48985.0
ลพบุรี,Lop Buri,2023,4,731063.0,,,,,,,6.0,157.0,0.25120000000000003,,,,936.0,1381.0,1954.0,1402.0,2693.0,1154.0,287.0,4784.0,4695.0,487.0,787.0,605.0,1423.0,615.0,1.0,3.0,7010.0,2217.0,32434.0
ลำปาง,Lampang,2023,1,712286.0,,,,,,,500.0,12065.0,19.304000000000002,,,,1310.0,2983.0,2672.0,1230.0,3279.0,1494.0,629.0,5414.0,7864.0,912.0,1723.0,701.0,3709.0,351.0,4.0,5.0,6761.0,3534.0,44575.0
ลำพูน,Lamphun,2023,1,395884.0,,,,,,,291.0,9468.0,15.148800000000001,,,,936.0,2179.0,2070.0,1217.0,2204.0,603.0,440.0,6286.0,4067.0,411.0,1276.0,455.0,1578.0,379.0,3.0,13.0,6029.0,2436.0,32582.0
ศรีสะเกษ,Si Sa Ket,2023,10,1451135.0,,,,,,,31.0,428.67,0.685872,,,,1528.0,9701.0,5010.0,4106.0,8548.0,6122.0,656.0,9134.0,12552.0,919.0,297.0,602.0,2998.0,992.0,7.0,32.0,6679.0,5109.0,74992.0
สกลนคร,Sakon Nakhon,2023,8,1142740.0,,,,,,,115.0,1343.1,2.1489599999999998,,,,900.0,3483.0,3666.0,4548.0,6681.0,2312.0,516.0,5493.0,4475.0,476.0,193.0,375.0,985.0,590.0,4.0,130.0,7766.0,3792.0,46385.0
สงขลา,Songkhla,2023,12,1422168.0,,,,,,,2.0,17.0,0.027200000000000002,,,,1728.0,1812.0,3050.0,5954.0,6396.0,3518.0,1813.0,10544.0,12824.0,1177.0,1428.0,1239.0,4199.0,1864.0,16.0,17.0,12292.0,5892.0,75763.0
สตูล,Satun,2023,12,324856.0,,,,,,,0.0,0.0,0.0,,,,309.0,156.0,523.0,3776.0,1524.0,666.0,324.0,2551.0,3318.0,195.0,251.0,197.0,540.0,151.0,0.0,6.0,2544.0,1037.0,18068.0
สมุทรปราการ,Samut Prakan,2023,6,1348728.0,,,,,,,,,,,,,1249.0,1545.0,1235.0,1576.0,4884.0,1327.0,719.0,6786.0,6616.0,1783.0,1232.0,3363.0,5786.0,620.0,18.0,66.0,9089.0,3387.0,51281.0
สมุทรสงคราม,Samut Songkhram,2023,5,187040.0,,,,,,,,,,,,,208.0,108.0,185.0,1522.0,691.0,209.0,106.0,750.0,859.0,59.0,76.0,133.0,378.0,94.0,2.0,5.0,910.0,480.0,6775.0
สมุทรสาคร,Samut Sakhon,2023,5,559888.0,,,,,,,,,,,,,500.0,567.0,505.0,523.0,1374.0,588.0,334.0,3024.0,2397.0,362.0,535.0,483.0,1389.0,227.0,1.0,48.0,2792.0,1080.0,16729.0
สระบุรี,Saraburi,2023,4,636554.0,,,,,,,51.0,1071.75,1.7148,,,,667.0,3136.0,813.0,1249.0,3391.0,706.0,430.0,4597.0,3705.0,579.0,700.0,489.0,1322.0,445.0,4.0,4.0,7142.0,2350.0,31729.0
สระแก้ว,Sa Kaeo,2023,6,558074.0,,,,,,,9.0,325.0,0.52,,,,520.0,2066.0,1574.0,1385.0,3334.0,1193.0,343.0,2508.0,4307.0,495.0,293.0,468.0,782.0,427.0,7.0,13.0,3611.0,1700.0,25026.0
สิงห์บุรี,Sing Buri,2023,4,201817.0,,,,,,,,,,,,,781.0,417.0,511.0,384.0,915.0,460.0,186.0,2298.0,2027.0,169.0,82.0,130.0,521.0,154.0,2.0,10.0,3438.0,634.0,13119.0
สุพรรณบุรี,Suphan Buri,2023,5,825933.0,,,,,,,11.0,71.0,0.1136,,,,1245.0,1550.0,3243.0,2533.0,3109.0,1113.0,433.0,5872.0,4088.0,599.0,362.0,370.0,1398.0,729.0,5.0,14.0,7158.0,3356.0,37177.0
สุราษฎร์ธานี,Surat Thani,2023,11,1065669.0,,,,,,,0.0,0.0,0.0,,,,1343.0,2227.0,4496.0,5404.0,5763.0,2650.0,942.0,7726.0,9815.0,1049.0,819.0,912.0,3136.0,1171.0,9.0,21.0,10514.0,5137.0,63134.0
สุรินทร์,Surin,2023,9,1368750.0,,,,,,,26.0,237.6,0.38016,,,,1240.0,6939.0,3334.0,3923.0,7295.0,3435.0,387.0,10453.0,8212.0,594.0,350.0,510.0,2274.0,787.0,9.0,20.0,9253.0,4891.0,63906.0
สุโขทัย,Sukhothai,2023,2,579001.0,,,,,,,80.0,2651.0,4.2416,,,,842.0,1427.0,3104.0,1237.0,2388.0,721.0,337.0,4461.0,2807.0,367.0,225.0,252.0,384.0,335.0,0.0,13.0,4165.0,1982.0,25047.0
หนองคาย,Nong Khai,2023,8,510018.0,,,,,,,71.0,1908.0,3.0528,,,,407.0,1268.0,1539.0,1112.0,2194.0,1196.0,230.0,2113.0,2096.0,260.0,117.0,286.0,529.0,259.0,4.0,5.0,3906.0,1584.0,19105.0
หนองบัวลำภู,Nong Bua Lam Phu,2023,8,506900.0,,,,,,,58.0,1529.0,2.4464,,,,399.0,1543.0,1151.0,1164.0,2683.0,1011.0,172.0,2661.0,2453.0,225.0,96.0,149.0,374.0,222.0,0.0,2.0,2165.0,1544.0,18014.0
อำนาจเจริญ,Amnat Charoen,2023,10,373986.0,,,,,,,40.0,268.0,0.4288,,,,345.0,1644.0,1638.0,818.0,2418.0,1113.0,227.0,2721.0,2814.0,248.0,205.0,240.0,1036.0,186.0,6.0,7.0,2685.0,1459.0,19810.0
อุดรธานี,Udon Thani,2023,8,1553009.0,,,,,,,108.0,3265.0,5.224,,,,1321.0,4174.0,5950.0,3486.0,8064.0,2571.0,802.0,5960.0,6998.0,677.0,264.0,664.0,970.0,592.0,5.0,12.0,8511.0,5186.0,56207.0
อุตรดิตถ์,Uttaradit,2023,2,440154.0,,,,,,,32.0,373.0,0.5968,,,,301.0,926.0,1428.0,990.0,1107.0,403.0,140.0,2421.0,1294.0,194.0,233.0,140.0,675.0,186.0,1.0,1.0,2577.0,923.0,13940.0
อุทัยธานี,Uthai Thani,2023,3,322585.0,,,,,,,523.0,22039.0,35.2624,,,,633.0,1481.0,2114.0,1170.0,1251.0,731.0,138.0,2303.0,1982.0,309.0,79.0,120.0,415.0,234.0,4.0,3.0,5157.0,1256.0,19380.0
อุบลราชธานี,Ubon Ratchathani,2023,10,1860652.0,,,,,,,126.0,1118.41,1.7894560000000002,,,,1684.0,7924.0,6353.0,6860.0,11774.0,4961.0,1021.0,11740.0,17222.0,1414.0,418.0,1217.0,5684.0,600.0,8.0,48.0,16156.0,8598.0,103682.0
อ่างทอง,Ang Thong,2023,4,271232.0,,,,,,,,,,,,,476.0,988.0,895.0,1464.0,1220.0,248.0,180.0,2779.0,1472.0,260.0,140.0,338.0,513.0,196.0,1.0,3.0,2219.0,688.0,14080.0
เชียงราย,Chiang Rai,2023,1,1166029.0,,,,,,,296.0,7280.67,11.649072,,,,1067.0,4961.0,4457.0,6540.0,5447.0,1723.0,744.0,10242.0,7826.0,628.0,549.0,668.0,2307.0,825.0,8.0,19.0,8317.0,4760.0,61088.0
เชียงใหม่,Chiang Mai,2023,1,1632949.0,,,,,,,1767.0,43265.91,69.22545600000001,,,,2141.0,8049.0,4712.0,8293.0,8254.0,2787.0,2024.0,17840.0,14227.0,1422.0,2532.0,2257.0,6725.0,1034.0,29.0,87.0,15759.0,7104.0,105276.0
เพชรบุรี,Phetchaburi,2023,5,478967.0,,,,,,,77.0,1576.0,2.5216000000000003,,,,356.0,449.0,1309.0,616.0,2101.0,505.0,261.0,3066.0,1839.0,230.0,202.0,278.0,1024.0,462.0,11.0,6.0,3030.0,1697.0,17442.0
เพชรบูรณ์,Phetchabun,2023,2,968386.0,,,,,,,81.0,1261.0,2.0176000000000003,,,,1088.0,2524.0,3497.0,2479.0,4458.0,1872.0,402.0,5417.0,4227.0,799.0,537.0,488.0,1281.0,523.0,3.0,17.0,6940.0,3045.0,39597.0
เลย,Loei,2023,8,632184.0,,,,,,,260.0,5510.0,8.816,,,,611.0,2097.0,2734.0,1274.0,3181.0,1613.0,271.0,3134.0,5906.0,356.0,254.0,283.0,752.0,610.0,5.0,16.0,4430.0,2310.0,29837.0
แพร่,Phrae,2023,1,427828.0,,,,,,,73.0,732.0,1.1712,,,,449.0,1833.0,2808.0,1134.0,1861.0,632.0,311.0,2950.0,3283.0,174.0,352.0,341.0,553.0,330.0,2.0,5.0,3628.0,1550.0,22196.0
แม่ฮ่องสอน,Mae Hong Son,2023,1,242317.0,,,,,,,300.0,2734.25,4.3748000000000005,,,,159.0,1065.0,210.0,857.0,1037.0,332.0,160.0,3089.0,2329.0,144.0,174.0,196.0,455.0,254.0,1.0,16.0,2661.0,1022.0,14161.0
